"MP Name","Constituency","State","House","Allocated Amount (₹)","Total Expenditure (₹)","Utilization %","Completed Works","Recommended Works","Completion Rate %","Unspent Amount (₹)","Transaction Count","Successful Payments","Pending Payments","Average Rating"
"Smt. S. Phangnon Konyak (2022-28)","Sitting Rajya Sabha","Nagaland","Rajya Sabha",206563957.11,196106200,94.94,57,18,76,10457757.110000014,123,123,0,"N/A"
"S SUPONGMEREN JAMIR","NAGALAND","Nagaland","Lok Sabha",147000000,138150000,93.98,38,18,67.86,8850000,81,81,0,"N/A"
"VIJAYLAKSHMI DEVI","SIWAN","Bihar","Lok Sabha",147000000,134748616,91.67,95,87,52.2,12251384,142,120,22,"N/A"
"Smt Veena Devi ","VAISHALI","Bihar","Lok Sabha",147000000,131108889,89.19,30,29,50.85,15891111,49,49,0,"N/A"
"Smt. Darshana Singh (2022-28)","Sitting Rajya Sabha","Uttar Pradesh","Rajya Sabha",196994373.87,174994106,88.83,31,16,65.96,22000267.870000005,133,132,1,"N/A"
"Shri Arun Kumar Sagar ","SHAHJAHANPUR","Uttar Pradesh","Lok Sabha",147000000,130143000,88.53,4,3,57.14,16857000,44,44,0,"N/A"
"Shri Mithlesh Kumar (2022-28)","Sitting Rajya Sabha","Uttar Pradesh","Rajya Sabha",196063957.11,170753928,87.09,195,9,95.59,25310029.110000014,232,232,0,"N/A"
"Smt. Sangeeta Yadav (2022-28)","Sitting Rajya Sabha","Uttar Pradesh","Rajya Sabha",196063957.11,169940841,86.68,43,78,35.54,26123116.110000014,261,259,2,"N/A"
"Smt. Geeta alias Chandraprabha (2020-26)","Sitting Rajya Sabha","Uttar Pradesh","Rajya Sabha",196063957.11,169877016.35,86.64,210,37,85.02,26186940.76000002,313,313,0,"N/A"
"Shri B.L. Verma (2020-26)","Sitting Rajya Sabha","Uttar Pradesh","Rajya Sabha",196063957.11,168937264.09,86.16,349,65,84.3,27126693.02000001,804,803,1,"N/A"
"Smt. Sumitra Balmik (2022-28)","Sitting Rajya Sabha","Madhya Pradesh","Rajya Sabha",196063957.11,163767349,83.53,62,116,34.83,32296608.110000014,419,418,1,"N/A"
"Shri Javed Ali Khan (2022-28)","Sitting Rajya Sabha","Uttar Pradesh","Rajya Sabha",196063957.11,160977854.28,82.1,125,69,64.43,35086102.83000001,260,250,10,"N/A"
"Shri Ramji (2020-26)","Sitting Rajya Sabha","Uttar Pradesh","Rajya Sabha",174518577.11,141923083,81.32,154,91,62.86,32595494.110000014,258,174,84,"N/A"
"Prof. Ram Gopal Yadav (2020-26)","Sitting Rajya Sabha","Uttar Pradesh","Rajya Sabha",221271395.11,178609713,80.72,25,56,30.86,42661682.110000014,124,123,1,"N/A"
"Pradeep Kumar Singh","ARARIA","Bihar","Lok Sabha",147000000,118278146,80.46,39,47,45.35,28721854,68,68,0,"N/A"
"SUKHDEO BHAGAT","LOHARDAGA","Jharkhand","Lok Sabha",171821957.11,137699257,80.14,80,204,28.17,34122700.110000014,353,353,0,"N/A"
"Shri R. Dharmar (2022-28)","Sitting Rajya Sabha","Tamil Nadu","Rajya Sabha",260812242.52,207877791,79.7,189,55,77.46,52934451.52000001,198,198,0,"N/A"
"Shri Hardeep Singh Puri (2020-26)","Sitting Rajya Sabha","Uttar Pradesh","Rajya Sabha",226801049.11,179856327.2,79.3,251,164,60.48,46944721.910000026,883,883,0,"N/A"
"Giridhari Yadav","BANKA","Bihar","Lok Sabha",147000000,114805889,78.1,85,35,70.83,32194111,96,96,0,"N/A"
"Shri Khiru Mahto (2022-28)","Sitting Rajya Sabha","Bihar","Rajya Sabha",235770091.81,183791258,77.95,171,6,96.61,51978833.81,176,176,0,"N/A"
"Smt. Seema Dwivedi (2020-26)","Sitting Rajya Sabha","Uttar Pradesh","Rajya Sabha",173830159.11,135282718.4,77.82,209,199,51.23,38547440.71000001,313,297,16,"N/A"
"Dr. Faiyaz Ahmad (2022-28)","Sitting Rajya Sabha","Bihar","Rajya Sabha",235263957.11,180619157,76.77,129,60,68.25,54644800.110000014,171,164,7,"N/A"
"Smt. Ranjeet Ranjan (2022-28)","Sitting Rajya Sabha","Chhattisgarh","Rajya Sabha",246780257.87,185739464,75.27,154,128,54.61,61040793.870000005,452,430,22,"N/A"
"Dr. Bhim Singh (2024-30)","Sitting Rajya Sabha","Bihar","Rajya Sabha",186200000,139468361,74.9,233,82,73.97,46731639,280,280,0,"N/A"
"Shri S. Kalyanasundaram (2022-28)","Sitting Rajya Sabha","Tamil Nadu","Rajya Sabha",239763792.52,178930791,74.63,141,44,76.22,60833001.52000001,180,179,1,"N/A"
"Shri Shambhu Sharan Patel (2022-28)","Sitting Rajya Sabha","Bihar","Rajya Sabha",237168443.49,175484824,73.99,199,108,64.82,61683619.49000001,221,216,5,"N/A"
"Mukesh Rajput","FARRUKHABAD","Uttar Pradesh","Lok Sabha",147000000,108417412,73.75,246,49,83.39,38582588,367,367,0,"N/A"
"Ramprit Mandal","JHANJHARPUR","Bihar","Lok Sabha",147000000,107510581,73.14,89,91,49.44,39489419,104,104,0,"N/A"
"RAM PRASAD CHAUDHARY","BASTI","Uttar Pradesh","Lok Sabha",204176957.11,148429426,72.7,37,146,20.22,55747531.110000014,239,238,1,1
"Dr. Dharmshila Gupta (2024-30)","Sitting Rajya Sabha","Bihar","Rajya Sabha",186200000,135266096,72.65,87,54,61.7,50933904,112,109,3,"N/A"
"ANDREW J. SYNGKON","SHILLONG","Meghalaya","Lok Sabha",98000000,70355000,71.79,95,146,39.42,27645000,320,317,3,"N/A"
"Smt. Mahua Maji (2022-28)","Sitting Rajya Sabha","Jharkhand","Rajya Sabha",232524001.2,163193927,70.18,150,315,32.26,69330074.19999999,598,598,0,"N/A"
"Shri Aditya Prasad (2022-28)","Sitting Rajya Sabha","Jharkhand","Rajya Sabha",227628508.2,159474868,70.06,141,85,62.39,68153640.19999999,383,382,1,"N/A"
"Shri R. Girirajan (2022-28)","Sitting Rajya Sabha","Tamil Nadu","Rajya Sabha",236312242.52,164730612,69.71,150,71,67.87,71581630.52000001,187,187,0,"N/A"
"DR. RAJESH MISHRA","SIDHI","Madhya Pradesh","Lok Sabha",262724510.35,183007865,69.66,172,169,50.44,79716645.35,646,633,13,"N/A"
"Shri Baburam Nishad (2022-28)","Sitting Rajya Sabha","Uttar Pradesh","Rajya Sabha",196063957.11,136082109.32,69.41,436,213,67.18,59981847.79000002,595,592,3,"N/A"
"MALAIYARASAN D","KALLAKURICHI","Tamil Nadu","Lok Sabha",176686299,121901141,68.99,195,191,50.52,54785158,204,204,0,"N/A"
"Bhola Singh","BULANDSHAHR","Uttar Pradesh","Lok Sabha",147000000,101017522,68.72,142,148,48.97,45982478,250,200,50,"N/A"
"Shri Gulam Ali (2022-28)","Nominated Rajya Sabha","Jammu And Kashmir","Rajya Sabha",196063957.11,134033715,68.36,156,29,84.32,62030242.110000014,192,190,2,"N/A"
"Pradyut Bordoloi","NOWGONG","Assam","Lok Sabha",98000000,66445619,67.8,13,202,6.05,31554381,465,455,10,"N/A"
"Shri Arun Singh (2020-26)","Sitting Rajya Sabha","Uttar Pradesh","Rajya Sabha",223492764.11,151462382,67.77,46,65,41.44,72030382.11000001,197,190,7,"N/A"
"Shri Satish Chandra Dubey (2022-28)","Sitting Rajya Sabha","Bihar","Rajya Sabha",235263957.11,158349542,67.31,162,85,65.59,76914415.11000001,205,204,1,"N/A"
"Shri Sant Balbir Singh (2022-28)","Sitting Rajya Sabha","Punjab","Rajya Sabha",196359074.44000003,131995905.41,67.22,206,166,55.38,64363169.03000003,757,754,3,"N/A"
"Dr. Sandeep Kumar Pathak (2022-28)","Sitting Rajya Sabha","Punjab","Rajya Sabha",232203454.24,154809394,66.67,155,123,55.76,77394060.24000001,1083,1082,1,"N/A"
"ANOOP PRADHAN BALMIKI","HATHRAS","Uttar Pradesh","Lok Sabha",147000000,97915147,66.61,69,37,65.09,49084853,141,141,0,"N/A"
"Shri Jaggesh (2022-28)","Sitting Rajya Sabha","Karnataka","Rajya Sabha",196063957.11,130587101,66.6,126,82,60.58,65476856.110000014,166,166,0,"N/A"
"Shri Tapir Gao","ARUNACHAL EAST","Arunachal Pradesh","Lok Sabha",147000000,97534470,66.35,106,58,64.63,49465530,195,195,0,"N/A"
"SUDHAKAR SINGH","BUXAR","Bihar","Lok Sabha",185211956.54,122874269,66.34,98,106,48.04,62337687.53999999,175,175,0,"N/A"
"NEERAJ MAURYA","AONLA","Uttar Pradesh","Lok Sabha",147000000,97488644,66.32,17,19,47.22,49511356,101,101,0,"N/A"
"THARANIVENTHAN M S","ARANI","Tamil Nadu","Lok Sabha",168337124.35,111315790,66.13,180,137,56.78,57021334.349999994,214,214,0,"N/A"
"SALENG A SANGMA","TURA","Meghalaya","Lok Sabha",147000000,96535000,65.67,119,218,35.31,50465000,423,420,3,"N/A"
"RAJ BHUSHAN CHOUDHARY","MUZAFFARPUR","Bihar","Lok Sabha",147000000,96375137,65.56,77,43,64.17,50624863,90,89,1,"N/A"
"Rajkumar Chahar ","FATEHPUR SIKRI","Uttar Pradesh","Lok Sabha",147000000,96369831,65.56,45,5,90,50630169,92,92,0,"N/A"
"DR RANI SRI KUMAR","TENKASI","Tamil Nadu","Lok Sabha",153060922.82,99919930,65.28,102,58,63.75,53140992.81999999,123,123,0,"N/A"
"AKSHAYA YADAV","FIROZABAD","Uttar Pradesh","Lok Sabha",147000000,95931875,65.26,37,6,86.05,51068125,83,83,0,"N/A"
"KAMLESH JANGDE","JANJGIR CHAMPA","Chhattisgarh","Lok Sabha",150384382.11,98097656,65.23,254,90,73.84,52286726.110000014,599,596,3,"N/A"
"CHHATRA PAL SINGH GANGWAR","BAREILLY","Uttar Pradesh","Lok Sabha",147000000,95712065,65.11,140,5,96.55,51287935,290,290,0,"N/A"
"Pankaj Chowdhary","MAHARAJGANJ","Uttar Pradesh","Lok Sabha",147000000,95676373,65.09,19,30,38.78,51323627,94,94,0,"N/A"
"KARAN BHUSHAN SINGH","KAISERGANJ","Uttar Pradesh","Lok Sabha",147000000,95454825,64.94,33,75,30.56,51545175,145,143,2,"N/A"
"DR. LATA WANKHEDE","SAGAR","Madhya Pradesh","Lok Sabha",147000000,94998719,64.62,81,155,34.32,52001281,247,244,3,"N/A"
"MANOJ KUMAR","SASARAM","Bihar","Lok Sabha",147000000,94987097,64.62,82,112,42.27,52012903,121,120,1,"N/A"
"RICHARD VANLALHMANGAIHA","MIZORAM","Mizoram","Lok Sabha",147000000,94866729,64.54,134,132,50.38,52133271,317,316,1,"N/A"
"Indra Hang Subba","SIKKIM","Sikkim","Lok Sabha",152003923.11,98023420,64.49,38,81,31.93,53980503.110000014,80,80,0,"N/A"
"Dr. Kavita Patidar (2022-28)","Sitting Rajya Sabha","Madhya Pradesh","Rajya Sabha",197118521.35000002,126777000.12,64.32,142,75,65.44,70341521.23000002,426,425,1,"N/A"
"ANGOMCHA BIMOL AKOIJAM","INNER MANIPUR","Manipur","Lok Sabha",147000000,93860392,63.85,19,29,39.58,53139608,67,66,1,"N/A"
"JITENDRA KUMAR DOHARE","ETAWAH","Uttar Pradesh","Lok Sabha",188747306.26,119571988,63.35,192,322,37.35,69175318.25999999,518,474,44,"N/A"
"Shri Ramji Lal Suman (2024-30)","Sitting Rajya Sabha","Uttar Pradesh","Rajya Sabha",147000000,93005621,63.27,29,35,45.31,53994379,120,120,0,"N/A"
"GAIKWAD VARSHA EKNATH","MUMBAI NORTH-CENTRAL","Maharashtra","Lok Sabha",147000000,92563767,62.97,0,57,0,54436233,54,51,3,"N/A"
"SK NURUL ISLAM","BASIRHAT","West Bengal","Lok Sabha",49000000,30740105,62.73,6,26,18.75,18259895,21,21,0,"N/A"
"Rodmal Nagar ","RAJGARH","Madhya Pradesh","Lok Sabha",147000000,92107905,62.66,54,301,15.21,54892095,265,265,0,"N/A"
"AWADHESH PRASAD","FAIZABAD","Uttar Pradesh","Lok Sabha",147000000,92097873,62.65,95,106,47.26,54902127,288,242,46,"N/A"
"ARUN BHARTI","JAMUI","Bihar","Lok Sabha",194924621.11,122119953,62.65,218,110,66.46,72804668.11000001,265,264,1,"N/A"
"Dr. K. Laxman (2022-28)","Sitting Rajya Sabha","Uttar Pradesh","Rajya Sabha",197637007.11,123809716,62.65,275,48,85.14,73827291.11000001,323,311,12,"N/A"
"PRAVEEN PATEL","PHULPUR","Uttar Pradesh","Lok Sabha",151559884.09,94371901,62.27,14,10,58.33,57187983.09,35,35,0,"N/A"
"RAKESH RATHOR","SITAPUR","Uttar Pradesh","Lok Sabha",147000000,91524162,62.26,21,50,29.58,55475838,105,102,3,"N/A"
"SHER SINGH GHUBAYA","FIROZPUR","Punjab","Lok Sabha",147000000,91425989,62.19,361,34,91.39,55574011,450,450,0,"N/A"
"SARABJEET SINGH KHALSA","FARIDKOT","Punjab","Lok Sabha",150850348.15,93616379,62.06,227,389,36.85,57233969.150000006,701,699,2,"N/A"
"Shri K.R.N. Rajeshkumar (2022-28)","Sitting Rajya Sabha","Tamil Nadu","Rajya Sabha",238513975.53,148008917,62.05,84,19,81.55,90505058.53,96,95,1,"N/A"
"Shri Chandrakant Damodar Handore (2024-30)","Sitting Rajya Sabha","Maharashtra","Rajya Sabha",147000000,91048479,61.94,9,29,23.68,55951521,26,26,0,"N/A"
"Dinesh Chandra Yadav","MADHEPURA","Bihar","Lok Sabha",150070866.11,92486814,61.63,105,51,67.31,57584052.110000014,113,113,0,"N/A"
"SACHITHANANTHAM R","DINDIGUL","Tamil Nadu","Lok Sabha",147000000,90527072,61.58,50,84,37.31,56472928,86,84,2,"N/A"
"Prof SP Singh Baghel","AGRA","Uttar Pradesh","Lok Sabha",147000000,90115338,61.3,55,55,50,56884662,127,127,0,"N/A"
"Shri Dorjee Tshering Lepcha (2024-30)","Sitting Rajya Sabha","Sikkim","Rajya Sabha",150170726.11,91921040,61.21,85,33,72.03,58249686.110000014,183,183,0,"N/A"
"Shri Tejveer Singh (2024-30)","Sitting Rajya Sabha","Uttar Pradesh","Rajya Sabha",147000000,89900058,61.16,53,33,61.63,57099942,152,150,2,"N/A"
"Shri Karti P Chidambaram ","SIVAGANGA","Tamil Nadu","Lok Sabha",159049284.11,97237605,61.14,117,52,69.23,61811679.110000014,145,145,0,"N/A"
"Manickam Tagore B","VIRUDHUNAGAR","Tamil Nadu","Lok Sabha",147000000,89421178,60.83,67,19,77.91,57578822,92,92,0,"N/A"
"CHHOTELAL","ROBERTSGANJ","Uttar Pradesh","Lok Sabha",147000000,89152339,60.65,261,174,60,57847661,726,723,3,"N/A"
"Dr. Sikander Kumar (2022-28)","Sitting Rajya Sabha","Himachal Pradesh","Rajya Sabha",207863957.11,125943485.04,60.59,168,226,42.64,81920472.07000001,411,403,8,"N/A"
"Shri Ratanjit Pratap Narain Singh (2024-30)","Sitting Rajya Sabha","Uttar Pradesh","Rajya Sabha",147000000,88769750,60.39,83,42,66.4,58230250,209,208,1,"N/A"
"Dr Mohammad Jawed","KISHANGANJ","Bihar","Lok Sabha",148669229.11,89065400,59.91,130,74,63.73,59603829.110000014,138,138,0,"N/A"
"BHARTI PARDHI","BALAGHAT","Madhya Pradesh","Lok Sabha",154398389.01,92426127,59.86,80,85,48.48,61972262.00999999,491,485,6,"N/A"
"Shri Satish Kumar Gautam ","ALIGARH","Uttar Pradesh","Lok Sabha",147000000,87713538,59.67,21,55,27.63,59286462,127,127,0,"N/A"
"Kiren Rijiju","ARUNACHAL WEST","Arunachal Pradesh","Lok Sabha",147000000,87533016,59.55,114,17,87.02,59466984,162,153,9,"N/A"
"Smt. Sadhna Singh (2024-30)","Sitting Rajya Sabha","Uttar Pradesh","Rajya Sabha",147000000,87517379,59.54,5,13,27.78,59482621,33,33,0,"N/A"
"Asit Kumar Mal ","BOLPUR","West Bengal","Lok Sabha",275694456.74,163517030,59.31,134,68,66.34,112177426.74000001,154,153,1,"N/A"
"K E PRAKASH","ERODE","Tamil Nadu","Lok Sabha",147000000,87182728,59.31,141,101,58.26,59817272,148,147,1,"N/A"
"CHANDRA SHEKHAR","NAGINA","Uttar Pradesh","Lok Sabha",147000000,87033825,59.21,286,227,55.75,59966175,893,784,109,"N/A"
"Janardan Mishra","REWA","Madhya Pradesh","Lok Sabha",147000000,86935425,59.14,1,106,0.93,60064575,78,76,2,"N/A"
"Sanjay Seth ","RANCHI","Jharkhand","Lok Sabha",147064357.11,86887080,59.08,49,101,32.67,60177277.110000014,234,232,2,"N/A"
"CN Annadurai","TIRUVANNAMALAI","Tamil Nadu","Lok Sabha",148579509.11,87500808,58.89,171,23,88.14,61078701.110000014,180,180,0,"N/A"
"Suresh Kumar Kashyap","SHIMLA","Himachal Pradesh","Lok Sabha",153563957.11,90424211,58.88,83,446,15.69,63139746.110000014,591,586,5,"N/A"
"NALIN SOREN","DUMKA","Jharkhand","Lok Sabha",147364097.11,86550781,58.73,106,319,24.94,60813316.110000014,289,289,0,"N/A"
"LALJI VERMA","AMBEDKAR NAGAR","Uttar Pradesh","Lok Sabha",147000000,86165424,58.62,61,202,23.19,60834576,287,280,7,"N/A"
"Ashok Kumar Rawat","MISRIKH","Uttar Pradesh","Lok Sabha",147000000,85818529,58.38,2,3,40,61181471,24,24,0,"N/A"
"Jai Prakash","HARDOI","Uttar Pradesh","Lok Sabha",147000000,85755277,58.34,3,21,12.5,61244723,47,47,0,"N/A"
"ADITYA YADAV","BADAUN","Uttar Pradesh","Lok Sabha",147000000,85488147,58.16,41,64,39.05,61511853,186,162,24,"N/A"
"Ganesan Selvam","KANCHEEPURAM","Tamil Nadu","Lok Sabha",186508749.11,108395338,58.12,270,177,60.4,78113411.11000001,289,288,1,"N/A"
"Shri Mukul Wasnik (2022-28)","Sitting Rajya Sabha","Rajasthan","Rajya Sabha",196063957.11,113678488.01,57.98,94,79,54.34,82385469.10000001,452,439,13,"N/A"
"ALFRED KANNGAM S ARTHUR","OUTER MANIPUR","Manipur","Lok Sabha",147000000,84951963,57.79,15,20,42.86,62048037,72,70,2,"N/A"
"RAMBHUAL NISHAD","SULTANPUR","Uttar Pradesh","Lok Sabha",151231957.11,86873694,57.44,6,46,11.54,64358263.110000014,25,24,1,"N/A"
"VIRENDRA SINGH","CHANDAULI","Uttar Pradesh","Lok Sabha",147000000,84272229,57.33,9,23,28.13,62727771,45,45,0,"N/A"
"Durga Das Uikey ","BETUL","Madhya Pradesh","Lok Sabha",151569502.91,85636977,56.5,288,214,57.37,65932525.91,437,435,2,"N/A"
"Dileshwar Kamait ","SUPAUL","Bihar","Lok Sabha",150450930.89,84724681,56.31,46,85,35.11,65726249.889999986,71,71,0,"N/A"
"TANUJ PUNIA","BARABANKI","Uttar Pradesh","Lok Sabha",148198170.11,83397272,56.27,13,20,39.39,64800898.110000014,30,30,0,"N/A"
"Arvind Dharmapuri","NIZAMABAD","Telangana","Lok Sabha",281396355.11,158096817,56.18,476,440,51.97,123299538.11000001,526,524,2,"N/A"
"DAROGA PRASAD SAROJ","LALGANJ","Uttar Pradesh","Lok Sabha",147000000,82499872,56.12,58,236,19.73,64500128,282,185,97,"N/A"
"Shri P. Chidambaram (2022-28)","Sitting Rajya Sabha","Tamil Nadu","Rajya Sabha",236312242.52,132583554,56.11,75,69,52.08,103728688.52000001,188,186,2,"N/A"
"Dr. Vikramjit Singh Sahney (2022-28)","Sitting Rajya Sabha","Punjab","Rajya Sabha",198656208.57000002,111224375.74,55.99,27,33,45,87431832.83000003,348,346,2,"N/A"
"Shri Naresh Bansal (2020-26)","Sitting Rajya Sabha","Uttarakhand","Rajya Sabha",222043184.71,124316327,55.99,106,127,45.49,97726857.71000001,215,212,3,"N/A"
"Shri Pradip Kumar Varma (2024-30)","Sitting Rajya Sabha","Jharkhand","Rajya Sabha",178564551.09,99617618,55.79,23,215,9.66,78946933.09,232,229,3,"N/A"
"K Subbarayan","TIRUPPUR","Tamil Nadu","Lok Sabha",147000000,81901423,55.72,65,53,55.08,65098577,75,75,0,"N/A"
"Mahesh Sharma","GAUTAM BUDDHA NAGAR","Uttar Pradesh","Lok Sabha",148816284.11,82555899,55.48,68,103,39.77,66260385.110000014,129,126,3,"N/A"
"Shri Meda Raghunadha Reddy (2024-30)","Sitting Rajya Sabha","Andhra Pradesh","Rajya Sabha",147000000,81390969,55.37,111,138,44.58,65609031,138,131,7,"N/A"
"DEVESH SHAKYA","ETAH","Uttar Pradesh","Lok Sabha",147000000,81351075,55.34,220,106,67.48,65648925,581,581,0,"N/A"
"Gyaneshwar Patil","KHANDWA","Madhya Pradesh","Lok Sabha",155690684.77,86011926,55.25,163,222,42.34,69678758.77000001,459,458,1,"N/A"
"V S Matheswaran","NAMAKKAL","Tamil Nadu","Lok Sabha",162539930.11,89621073,55.14,135,70,65.85,72918857.11000001,138,137,1,"N/A"
"Shri Narendra Modi","VARANASI","Uttar Pradesh","Lok Sabha",162070276.11,88588069,54.66,190,26,87.96,73482207.11000001,190,155,35,"N/A"
"CHANDAN CHAUHAN","BIJNOR","Uttar Pradesh","Lok Sabha",147000000,79306036,53.95,14,102,12.07,67693964,206,188,18,"N/A"
"Vijay Kumar Dubey","KUSHI NAGAR","Uttar Pradesh","Lok Sabha",148900000,80256423,53.9,132,90,59.46,68643577,324,322,2,"N/A"
"SHASHANK MANI","DEORIA","Uttar Pradesh","Lok Sabha",147000000,78769529,53.58,45,53,45.92,68230471,140,133,7,"N/A"
"Shri Rwngwra Narzary (2022-28)","Sitting Rajya Sabha","Assam","Rajya Sabha",220563957.11,118006237,53.5,16,150,9.64,102557720.11000001,174,173,1,"N/A"
"SAVITRI THAKUR","DHAR","Madhya Pradesh","Lok Sabha",147000000,78575366,53.45,179,160,52.8,68424634,478,432,46,"N/A"
"KANWAR SINGH TANWAR","AMROHA","Uttar Pradesh","Lok Sabha",147000000,78135018,53.15,59,46,56.19,68864982,81,81,0,"N/A"
"Smt Harsimrat Kaur Badal","BHATINDA","Punjab","Lok Sabha",159775982.39,84901458,53.14,144,206,41.14,74874524.38999999,1471,1410,61,"N/A"
"Vishnu Dayal Ram","PALAMU","Jharkhand","Lok Sabha",158176083.11,83852477,53.01,117,154,43.17,74323606.11000001,333,332,1,"N/A"
"KALI CHARAN MUNDA","KHUNTI","Jharkhand","Lok Sabha",147000000,77772545,52.91,31,274,10.16,69227455,240,240,0,"N/A"
"Shri Imran Pratapgarhi (2022-28)","Sitting Rajya Sabha","Maharashtra","Rajya Sabha",196000000,102738277,52.42,53,55,49.07,93261723,75,72,3,"N/A"
"D Ravikumar ","VILUPPURAM","Tamil Nadu","Lok Sabha",197598306.11,103445450,52.35,222,66,77.08,94152856.11000001,225,225,0,"N/A"
"Shri Anil Firojiya","UJJAIN","Madhya Pradesh","Lok Sabha",147000000,76951399,52.35,152,96,61.29,70048601,288,285,3,"N/A"
"Shri Narayanasa K. Bhandage (2024-30)","Sitting Rajya Sabha","Karnataka","Rajya Sabha",147450000,77113625,52.3,87,69,55.77,70336375,165,163,2,"N/A"
"ANAND BHADAURIYA","DHAURAHRA","Uttar Pradesh","Lok Sabha",147000000,76758938,52.22,132,45,74.58,70241062,360,359,1,"N/A"
"Kalyan Banerjee","SREERAMPUR","West Bengal","Lok Sabha",147000000,76719145,52.19,83,37,69.17,70280855,110,110,0,"N/A"
"DAGGUMALLA PRASADA RAO","CHITTOOR","Andhra Pradesh","Lok Sabha",147000000,76341346,51.93,111,117,48.68,70658654,156,156,0,"N/A"
"Shri Vivek K. Tankha (2022-28)","Sitting Rajya Sabha","Madhya Pradesh","Rajya Sabha",220563957.11,114513723,51.92,118,385,23.46,106050234.11000001,626,625,1,"N/A"
"Shankar Lalwani","INDORE","Madhya Pradesh","Lok Sabha",147000000,75938855,51.66,145,137,51.42,71061145,262,260,2,"N/A"
"Shri Chunnilal Garasiya (2024-30)","Sitting Rajya Sabha","Rajasthan","Rajya Sabha",147000000,75813515,51.57,24,150,13.79,71186485,177,176,1,"N/A"
"Mr Gopal Jee Thakur","DARBHANGA","Bihar","Lok Sabha",147000000,75767756,51.54,59,120,32.96,71232244,156,156,0,"N/A"
"Bidyut Baran Mahato","JAMSHEDPUR","Jharkhand","Lok Sabha",147000000,75745972,51.53,2,176,1.12,71254028,189,189,0,"N/A"
"MURASOLI S","THANJAVUR","Tamil Nadu","Lok Sabha",147000000,75625397,51.45,44,44,50,71374603,70,69,1,"N/A"
"VINOD KUMAR BIND","BHADOHI","Uttar Pradesh","Lok Sabha",147000000,75517267,51.37,407,137,74.82,71482733,525,418,107,"N/A"
"Shri Pramod Tiwari (2022-28)","Sitting Rajya Sabha","Rajasthan","Rajya Sabha",196063957.11,100649660,51.34,64,66,49.23,95414297.11000001,219,218,1,"N/A"
"DR. RAJ KUMAR CHABBEWAL","HOSHIARPUR","Punjab","Lok Sabha",147000000,75316597,51.24,93,186,33.33,71683403,1254,1242,12,"N/A"
"Ajay Kumar Mandal","BHAGALPUR","Bihar","Lok Sabha",147000000,75252620,51.19,38,36,51.35,71747380,71,69,2,"N/A"
"TARIQ ANWAR","KATIHAR","Bihar","Lok Sabha",147000000,74910060,50.96,60,26,69.77,72089940,77,77,0,"N/A"
"UTKARSH VERMA MADHUR","KHERI","Uttar Pradesh","Lok Sabha",147000000,74909150,50.96,347,13,96.39,72090850,699,697,2,"N/A"
"KRISHNA DEVI SHIVSHANKER PATEL","BANDA","Uttar Pradesh","Lok Sabha",147000000,74835215.67,50.91,202,240,45.7,72164784.33,329,328,1,"N/A"
"Shri Harsh Mahajan (2024-30)","Sitting Rajya Sabha","Himachal Pradesh","Rajya Sabha",147000000,74782957,50.87,152,294,34.08,72217043,470,463,7,"N/A"
"MOHIBBULLAH","RAMPUR","Uttar Pradesh","Lok Sabha",147000000,74744421,50.85,175,161,52.08,72255579,344,300,44,"N/A"
"Pratima Mondal ","JOYNAGAR","West Bengal","Lok Sabha",147000000,74379705,50.6,169,54,75.78,72620295,185,185,0,"N/A"
"MALVINDER SINGH KANG","ANANDPUR SAHIB","Punjab","Lok Sabha",147000000,74216291,50.49,109,236,31.59,72783709,746,735,11,"N/A"
"RAJESH VERMA","KHAGARIA","Bihar","Lok Sabha",147000000,74186362,50.47,67,9,88.16,72813638,69,69,0,"N/A"
"Smt. Sonia Gandhi (2024-30)","Sitting Rajya Sabha","Rajasthan","Rajya Sabha",147000000,73600244,50.07,46,82,35.94,73399756,144,140,4,"N/A"
"PRABHAKAR REDDY VEMIREDDY","NELLORE","Andhra Pradesh","Lok Sabha",147000000,73110117,49.73,122,34,78.21,73889883,135,135,0,"N/A"
"RADHE SHYAM RATHIYA","RAIGARH","Chhattisgarh","Lok Sabha",159706972.09,79422859,49.73,72,66,52.17,80284113.09,210,209,1,"N/A"
"Shri Surendra Singh Nagar (2022-28)","Sitting Rajya Sabha","Uttar Pradesh","Rajya Sabha",220563957.11,109500434.16,49.65,98,200,32.89,111063522.95000002,281,272,9,"N/A"
"Shri Babubhai Jesangbhai Desai (2023-29)","Sitting Rajya Sabha","Gujarat","Rajya Sabha",171500000,84930425,49.52,137,128,51.7,86569575,170,166,4,"N/A"
"RAJESH RANJAN ALIAS PAPPU YADAV","PURNEA","Bihar","Lok Sabha",147000000,72622818,49.4,46,125,26.9,74377182,76,76,0,"N/A"
"Sasikanth Senthil","TIRUVALLUR","Tamil Nadu","Lok Sabha",171500000,84659653,49.36,87,95,47.8,86840347,129,129,0,"N/A"
"BALRAM NAIK PORIKA","MAHABUBABAD","Telangana","Lok Sabha",147000000,72320239,49.2,238,121,66.3,74679761,292,292,0,"N/A"
"ABHAY KUMAR SINHA","AURANGABAD","Bihar","Lok Sabha",147000000,72055162,49.02,124,147,45.76,74944838,157,156,1,"N/A"
"Kalanidhi Veeraswamy","CHENNAI NORTH","Tamil Nadu","Lok Sabha",171500000,83933669,48.94,40,60,40,87566331,57,57,0,"N/A"
"ROOP KUMARI CHOUDHARY","MAHASAMUND","Chhattisgarh","Lok Sabha",153035414,74812172,48.89,72,107,40.22,78223242,246,243,3,"N/A"
"RAJA RAM SINGH","KARAKAT","Bihar","Lok Sabha",147000000,71841783,48.87,114,212,34.97,75158217,191,187,4,"N/A"
"KALIPADA SAREN","JHARGRAM","West Bengal","Lok Sabha",147000000,71784126,48.83,40,23,63.49,75215874,49,48,1,"N/A"
"Andimuthu Raja","NILGIRIS","Tamil Nadu","Lok Sabha",147000000,71485310,48.63,73,41,64.04,75514690,87,87,0,"N/A"
"Gumma Thanuja Rani","ARAKU","Andhra Pradesh","Lok Sabha",149458905.11,72651237,48.61,28,104,21.21,76807668.11000001,89,86,3,"N/A"
"M.K. VISHNUPRASAD","CUDDALORE","Tamil Nadu","Lok Sabha",147000000,71295556,48.5,74,40,64.91,75704444,90,90,0,"N/A"
"BIJULI KALITA MEDHI","GUWAHATI","Assam","Lok Sabha",147000000,71052648,48.34,5,145,3.33,75947352,165,164,1,"N/A"
"Smt. Sudha Murty (2024-30)","Nominated Rajya Sabha","Karnataka","Rajya Sabha",147000000,71000000,48.3,0,10,0,76000000,8,8,0,"N/A"
"Bharatsinhji Shankarji Dabhi","PATAN","Gujarat","Lok Sabha",147000000,70906510,48.24,160,157,50.47,76093490,201,194,7,"N/A"
"AFZAL ANSARI","GHAZIPUR","Uttar Pradesh","Lok Sabha",220500000,106123284,48.13,35,396,8.12,114376716,283,283,0,"N/A"
"KISHORI LAL","AMETHI","Uttar Pradesh","Lok Sabha",171500000,82481354,48.09,19,31,38,89018646,75,70,5,"N/A"
"Rajnath Singh","LUCKNOW","Uttar Pradesh","Lok Sabha",154808797.11,74407887,48.06,31,71,30.39,80400910.11000001,74,69,5,"N/A"
"Jyotsna Charandas Mahant ","KORBA","Chhattisgarh","Lok Sabha",155153738.11,74559859,48.06,136,174,43.87,80593879.11000001,431,426,5,"N/A"
"Ashok Kumar Yadav ","MADHUBANI","Bihar","Lok Sabha",147000000,70438959,47.92,81,108,42.86,76561041,132,132,0,"N/A"
"Shri Abhishek Banerjee","DIAMOND HARBOUR","West Bengal","Lok Sabha",147000000,70367388,47.87,200,120,62.5,76632612,260,260,0,"N/A"
"Shri Nagendra Ray (2023-29)","Sitting Rajya Sabha","West Bengal","Rajya Sabha",171500000,82024946,47.83,2,20,9.09,89475054,13,13,0,"N/A"
"AMARSING TISSO","Diphu","Assam","Lok Sabha",147000000,70190709,47.75,41,53,43.62,76809291,192,170,22,"N/A"
"Kirti Vardhan Singh","GONDA","Uttar Pradesh","Lok Sabha",147000000,70160857,47.73,35,118,22.88,76839143,176,176,0,"N/A"
"Smt. Maya Naroliya (2024-30)","Sitting Rajya Sabha","Madhya Pradesh","Rajya Sabha",147000000,70041767,47.65,16,140,10.26,76958233,180,170,10,"N/A"
"PRIYA SAROJ","MACHHLISHAHR","Uttar Pradesh","Lok Sabha",147000000,69805592,47.49,725,670,51.97,77194408,1048,1034,14,"N/A"
"Radha Mohan Singh","PURVI CHAMPARAN","Bihar","Lok Sabha",147000000,69803891,47.49,60,64,48.39,77196109,83,80,3,"N/A"
"Shri G.C. Chandrashekhar (2024-30)","Sitting Rajya Sabha","Karnataka","Rajya Sabha",147000000,69767504,47.46,62,133,31.79,77232496,149,146,3,"N/A"
"Shri Ravi Chandra Vaddiraju (2024-30)","Sitting Rajya Sabha","Telangana","Rajya Sabha",152732534.11,72385208,47.39,107,168,38.91,80347326.11000001,161,161,0,"N/A"
"Shri Kapil Sibal (2022-28)","Sitting Rajya Sabha","Uttar Pradesh","Rajya Sabha",196063957.11,92839935.12,47.35,64,155,29.22,103224021.99000001,290,279,11,"N/A"
"Shri B Y Raghavendra ","SHIMOGA","Karnataka","Lok Sabha",147000000,69561261,47.32,49,213,18.7,77438739,296,295,1,"N/A"
"RAMESH AWASTHI","KANPUR","Uttar Pradesh","Lok Sabha",147000000,69418997,47.22,48,66,42.11,77581003,77,77,0,"N/A"
"Mansukhbhai Dhanjibhai Vasava","BHARUCH","Gujarat","Lok Sabha",147000000,69029756,46.96,203,194,51.13,77970244,240,234,6,"N/A"
"Dr. Sangeeta Balwant (2024-30)","Sitting Rajya Sabha","Uttar Pradesh","Rajya Sabha",147000000,68851419.5,46.84,2,350,0.57,78148580.5,254,254,0,"N/A"
"BALWANT BASWANT WANKHADE","AMRAVATI","Maharashtra","Lok Sabha",198293678,92820377,46.81,51,116,30.54,105473301,119,105,14,"N/A"
"Shri Brij Lal (2020-26)","Sitting Rajya Sabha","Uttar Pradesh","Rajya Sabha",196063957.11,91370638,46.6,113,37,75.33,104693319.11000001,160,159,1,"N/A"
"Swami Sachchidanandhari Sakshi ji Maharaj ","UNNAO","Uttar Pradesh","Lok Sabha",147000000,68421377,46.55,12,77,13.48,78578623,69,62,7,"N/A"
"Thirumaa Valavan Thol","CHIDAMBARAM","Tamil Nadu","Lok Sabha",147000000,68103825,46.33,45,32,58.44,78896175,78,78,0,"N/A"
"DR. HEMANG JOSHI","VADODARA","Gujarat","Lok Sabha",147000000,68089263,46.32,71,134,34.63,78910737,121,99,22,"N/A"
"Gajendra Singh Patel","KHARGONE","Madhya Pradesh","Lok Sabha",147000000,68043845,46.29,104,232,30.95,78956155,382,380,2,"N/A"
"JAI PARKASH","HISAR","Haryana","Lok Sabha",147000000,67953815,46.23,68,375,15.35,79046185,330,326,4,"N/A"
"Dr. Sarfraz Ahmad (2024-30)","Sitting Rajya Sabha","Jharkhand","Rajya Sabha",178564551.09,82543604,46.23,20,273,6.83,96020947.09,186,156,30,"N/A"
"Prasun Banerjee","HOWRAH","West Bengal","Lok Sabha",147000000,67743274,46.08,136,78,63.55,79256726,156,146,10,"N/A"
"ARUN NEHRU","PERAMBALUR","Tamil Nadu","Lok Sabha",147000000,67653424,46.02,54,28,65.85,79346576,81,81,0,"N/A"
"Shri Harbhajan Singh (2022-28)","Sitting Rajya Sabha","Punjab","Rajya Sabha",220984094.27,101056126.52,45.73,77,80,49.04,119927967.75000001,530,518,12,"N/A"
"Anurag Sharma ","JHANSI","Uttar Pradesh","Lok Sabha",147000000,67201462,45.72,78,84,48.15,79798538,242,235,7,"N/A"
"ANAND KUMAR","BAHRAICH","Uttar Pradesh","Lok Sabha",147000000,66987751,45.57,32,79,28.83,80012249,102,102,0,"N/A"
"Shatrughan Sinha","ASANSOL","West Bengal","Lok Sabha",147000000,66966504,45.56,5,22,18.52,80033496,20,20,0,"N/A"
"Shri V. Vijayendra Prasad (2022-28)","Nominated Rajya Sabha","Andhra Pradesh","Rajya Sabha",196063957.11,89276601,45.53,74,121,37.95,106787356.11000001,108,107,1,"N/A"
"Prof. Manoj Kumar Jha (2024-30)","Sitting Rajya Sabha","Bihar","Rajya Sabha",191620112.11,87200986,45.51,110,66,62.5,104419126.11000001,111,111,0,"N/A"
"ARUN GOVIL","MEERUT","Uttar Pradesh","Lok Sabha",147000000,66737649,45.4,36,196,15.52,80262351,172,169,3,"N/A"
"Smt. Sulata Deo (2022-28)","Sitting Rajya Sabha","Odisha","Rajya Sabha",196084721.4,88913709,45.34,115,197,36.86,107171012.4,303,301,2,"N/A"
"Shri Hanuman Beniwal","NAGAUR","Rajasthan","Lok Sabha",147000000,66606792,45.31,175,75,70,80393208,314,314,0,"N/A"
"K. RAJASHEKAR BASAVARAJ HITNAL","KOPPAL","Karnataka","Lok Sabha",147000000,66577182,45.29,67,126,34.72,80422818,200,199,1,"N/A"
"Kripanath Mallah","KARIMGANJ","Assam","Lok Sabha",147000000,66488500,45.23,0,74,0,80511500,116,103,13,"N/A"
"RAJEEV RAI","GHOSI","Uttar Pradesh","Lok Sabha",147000000,66462043,45.21,108,119,47.58,80537957,311,299,12,"N/A"
"Shri Gurjeet Singh Aujla","AMRITSAR","Punjab","Lok Sabha",147000000,66371695,45.15,91,190,32.38,80628305,325,321,4,"N/A"
"RANJIT DUTTA","Sonitpur","Assam","Lok Sabha",147000000,65900399,44.83,22,125,14.97,81099601,322,321,1,"N/A"
"UMMEDA RAM BENIWAL","BARMER","Rajasthan","Lok Sabha",147000000,65781402,44.75,96,88,52.17,81218598,187,186,1,"N/A"
"BRIJMOHAN AGRAWAL","RAIPUR","Chhattisgarh","Lok Sabha",153766451.11,68756217,44.71,38,115,24.84,85010234.11000001,168,164,4,"N/A"
"RAHUL SINGH LODHI","DAMOH","Madhya Pradesh","Lok Sabha",163058785.37,72714957,44.59,173,125,58.05,90343828.37,342,340,2,"N/A"
"RAJEEV BHARDWAJ","KANGRA","Himachal Pradesh","Lok Sabha",179388967.11,79836303,44.5,195,426,31.4,99552664.11000001,646,639,7,"N/A"
"SANJNA JATAV","BHARATPUR","Rajasthan","Lok Sabha",147000000,64910987.1,44.16,74,168,30.58,82089012.9,714,673,41,"N/A"
"Shri Naveen Jain (2024-30)","Sitting Rajya Sabha","Uttar Pradesh","Rajya Sabha",147000000,64773227,44.06,10,124,7.46,82226773,94,94,0,"N/A"
"SURENDRA PRASAD YADAV","JAHANABAD","Bihar","Lok Sabha",155325714,68143066,43.87,141,161,46.69,87182648,199,196,3,"N/A"
"UJJWAL RAMAN SINGH","ALLAHABAD","Uttar Pradesh","Lok Sabha",147000000,64290040,43.73,3,28,9.68,82709960,66,59,7,"N/A"
"Shri Deepak (Dev) Adhikari ","GHATAL","West Bengal","Lok Sabha",200747364,87788715,43.73,165,40,80.49,112958649,176,176,0,"N/A"
"Sunil Kumar ","VALMIKI NAGAR","Bihar","Lok Sabha",147000000,63664429,43.31,75,183,29.07,83335571,87,87,0,"N/A"
"RAJ KUMAR ROAT","BANSWARA","Rajasthan","Lok Sabha",147000000,63286521,43.05,21,82,20.39,83713479,121,120,1,"N/A"
"CHAMALA KIRAN KUMAR REDDY","BHONGIR","Telangana","Lok Sabha",147000000,62689273,42.65,417,71,85.45,84310727,434,433,1,"N/A"
"Dr. Anil Sukhdeorao Bonde (2022-28)","Sitting Rajya Sabha","Maharashtra","Rajya Sabha",196063957.11,83459336,42.57,50,132,27.47,112604621.11000001,82,79,3,"N/A"
"JOYANTA BASUMATARY","KOKRAJHAR","Assam","Lok Sabha",147000000,62530971,42.54,20,97,17.09,84469029,79,79,0,"N/A"
"YADUVEER KRISHNADATTA CHAMARAJA WADIYAR","MYSORE","Karnataka","Lok Sabha",147000000,62346570,42.41,34,148,18.68,84653430,178,176,2,"N/A"
"MAHESH KASHYAP","BASTAR","Chhattisgarh","Lok Sabha",147000000,62271176.5,42.36,38,168,18.45,84728823.5,192,186,6,"N/A"
"Smt. Nirmala Sitharaman (2022-28)","Sitting Rajya Sabha","Karnataka","Rajya Sabha",215972051.45,91394660,42.32,7,16,30.43,124577391.44999999,10,7,3,"N/A"
"Devendra Alias Bhole Singh","AKBARPUR","Uttar Pradesh","Lok Sabha",147000000,62000186,42.18,62,86,41.89,84999814,98,98,0,"N/A"
"Kakoli Ghosh Dastidar ","BARASAT","West Bengal","Lok Sabha",147000000,61929956,42.13,76,107,41.53,85070044,100,100,0,"N/A"
"ALOK SHARMA","BHOPAL","Madhya Pradesh","Lok Sabha",147000000,61792243,42.04,22,67,24.72,85207757,83,83,0,"N/A"
"Mala Roy ","KOLKATA DAKSHIN","West Bengal","Lok Sabha",147000000,61582788,41.89,32,43,42.67,85417212,65,63,2,"N/A"
"Shri  Dharambir Singh","BHIWANI MAHENDRAGARH","Haryana","Lok Sabha",147000000,61518498,41.85,102,107,48.8,85481502,177,177,0,"N/A"
"SHOBHA KARANDLAJE","BANGALORE NORTH","Karnataka","Lok Sabha",147000000,61473509,41.82,21,88,19.27,85526491,104,104,0,"N/A"
"IMRAN MASOOD","SAHARANPUR","Uttar Pradesh","Lok Sabha",147000000,61171580,41.61,51,51,50,85828420,73,70,3,"N/A"
"NAVEEN JINDAL","KURUKSHETRA","Haryana","Lok Sabha",147000000,61160248,41.61,113,88,56.22,85839752,255,255,0,"N/A"
"CHINTAMANI MAHARAJ","SARGUJA","Chhattisgarh","Lok Sabha",147000000,61120137,41.58,69,260,20.97,85879863,371,364,7,"N/A"
"LUMBARAM","JALORE","Rajasthan","Lok Sabha",147000000,61110381,41.57,74,103,41.81,85889619,609,609,0,"N/A"
"Shri Samirul Islam (2023-29)","Sitting Rajya Sabha","West Bengal","Rajya Sabha",171500000,71238651,41.54,0,57,0,100261349,17,17,0,"N/A"
"SANATAN PANDEY","BALLIA","Uttar Pradesh","Lok Sabha",180420041.4,74595388,41.35,62,293,17.46,105824653.4,231,228,3,"N/A"
"Shri Derek O' Brien (2023-29)","Sitting Rajya Sabha","West Bengal","Rajya Sabha",171500000,70787264,41.28,0,35,0,100712736,16,16,0,"N/A"
"C R Patil","NAVSARI","Gujarat","Lok Sabha",158532494.36,65413295,41.26,261,141,64.93,93119199.36000001,270,258,12,"N/A"
"BHARATBHAI MANUBHAI SUTARIYA","AMRELI","Gujarat","Lok Sabha",147000000,60146765,40.92,150,175,46.15,86853235,182,175,7,"N/A"
"MANI. A.","DHARAMAPURI","Tamil Nadu","Lok Sabha",164515071.11,67070637,40.77,59,315,15.78,97444434.11000001,127,127,0,"N/A"
"DURAI VAIKO","TIRUCHIRAPPALLI","Tamil Nadu","Lok Sabha",147000000,59767171,40.66,45,33,57.69,87232829,53,53,0,"N/A"
"Santosh Pandey","RAJNANDGAON","Chhattisgarh","Lok Sabha",147000000,59735849,40.64,70,107,39.55,87264151,244,235,9,"N/A"
"Ms. Dola Sen (2023-29)","Sitting Rajya Sabha","West Bengal","Rajya Sabha",171500000,69414332,40.47,0,27,0,102085668,20,20,0,"N/A"
"JITAN RAM MANJHI","GAYA","Bihar","Lok Sabha",147000000,59374700,40.39,152,108,58.46,87625300,186,186,0,"N/A"
"BHUPENDER YADAV","ALWAR","Rajasthan","Lok Sabha",147000000,59285868,40.33,31,43,41.89,87714132,67,67,0,"N/A"
"JOBA MAJHI","SINGHBHUM","Jharkhand","Lok Sabha",147000000,59054467,40.17,0,118,0,87945533,127,127,0,"N/A"
"CHANDUBHAI CHHAGANBHAI SHIHORA","SURENDRANAGAR","Gujarat","Lok Sabha",147000000,59047027,40.17,100,109,47.85,87952973,210,205,5,"N/A"
"Sunil Dattatray Tatkare","RAIGAD","Maharashtra","Lok Sabha",147000000,58660128,39.9,18,44,29.03,88339872,73,71,2,"N/A"
"Kanimozhi Karunanidhi","THOOTHUKKUDI","Tamil Nadu","Lok Sabha",147000000,58344698,39.69,12,39,23.53,88655302,34,33,1,"N/A"
"DEEPENDER SINGH HOODA","ROHTAK","Haryana","Lok Sabha",147000000,58129766,39.54,70,107,39.55,88870234,143,142,1,"N/A"
"DHARMENDRA YADAV","AZAMGARH","Uttar Pradesh","Lok Sabha",147000000,58087374,39.52,16,52,23.53,88912626,50,43,7,"N/A"
"BASAVARAJ BOMMAI","HAVERI","Karnataka","Lok Sabha",147000000,57936447,39.41,18,144,11.11,89063553,167,166,1,"N/A"
"Vijay Baghel","DURG","Chhattisgarh","Lok Sabha",147000000,57650594,39.22,70,144,32.71,89349406,246,239,7,"N/A"
"DAMODAR AGARWAL","BHILWARA","Rajasthan","Lok Sabha",147000000,57459803,39.09,100,150,40,89540197,830,767,63,"N/A"
"DR. PRABHA MALLIKARJUN","DAVANAGERE","Karnataka","Lok Sabha",147000000,57444696,39.08,5,92,5.15,89555304,90,83,7,"N/A"
"DR C N MANJUNATH","BANGALORE RURAL","Karnataka","Lok Sabha",147000000,57348012,39.01,63,170,27.04,89651988,182,178,4,"N/A"
"Mitesh Rameshbhai Bakabhai Patel","ANAND","Gujarat","Lok Sabha",147000000,57204039,38.91,247,280,46.87,89795961,292,283,9,5
"SHREYAS. M. PATEL","HASSAN","Karnataka","Lok Sabha",147000000,57203008,38.91,23,181,11.27,89796992,177,174,3,"N/A"
"Dr. Dinesh Sharma (2023-26)","Sitting Rajya Sabha","Uttar Pradesh","Rajya Sabha",147000000,57084177,38.83,2,89,2.2,89915823,63,61,2,"N/A"
"Ravi Shankar Prasad","PATNA SAHIB","Bihar","Lok Sabha",147000000,56647683,38.54,60,24,71.43,90352317,66,64,2,"N/A"
"Adv Dean Kuriakose","IDUKKI","Kerala","Lok Sabha",147000000,56602010,38.5,94,95,49.74,90397990,114,112,2,"N/A"
"Rahul Kaswan","CHURU","Rajasthan","Lok Sabha",147000000,56423100,38.38,37,201,15.55,90576900,518,503,15,"N/A"
"SUDAMA PRASAD","ARRAH","Bihar","Lok Sabha",147000000,56418007,38.38,66,153,30.14,90581993,84,83,1,"N/A"
"BALYA MAMA SURESH GOPINATH MHATRE","BHIWANDI","Maharashtra","Lok Sabha",147000000,56387391,38.36,11,153,6.71,90612609,71,70,1,"N/A"
"Shri Sanjay Seth (2024-30)","Sitting Rajya Sabha","Uttar Pradesh","Rajya Sabha",147000000,56357801,38.34,19,40,32.2,90642199,48,46,2,"N/A"
"PUSHPENDRA SAROJ","KAUSHAMBI","Uttar Pradesh","Lok Sabha",147000000,56198890,38.23,460,287,61.58,90801110,907,833,74,"N/A"
"Shri Neeraj Shekhar (2020-26)","Sitting Rajya Sabha","Uttar Pradesh","Rajya Sabha",236483662.11,90266672,38.17,41,186,18.06,146216990.11,176,176,0,"N/A"
"Rajeshbhai Naranbhai Chudasama","JUNAGADH","Gujarat","Lok Sabha",147000000,56040284,38.12,152,147,50.84,90959716,176,170,6,"N/A"
"JYOTIRADITYA M. SCINDIA","GUNA","Madhya Pradesh","Lok Sabha",147000000,55870850,38.01,45,18,71.43,91129150,99,97,2,"N/A"
"RAMASHANKAR RAJBHAR","SALEMPUR","Uttar Pradesh","Lok Sabha",160056927.07,60757047,37.96,84,231,26.67,99299880.07,262,240,22,"N/A"
"ARUP CHAKRABORTY","BANKURA","West Bengal","Lok Sabha",147000000,55795450,37.96,40,30,57.14,91204550,42,42,0,"N/A"
"Parvatagouda Chandanagouda Gaddigoudar","BAGALKOT","Karnataka","Lok Sabha",167541747.11,63490076,37.9,89,136,39.56,104051671.11000001,231,229,2,"N/A"
"Pradan Baruah","LAKHIMPUR","Assam","Lok Sabha",147000000,55702350,37.89,33,115,22.3,91297650,173,173,0,"N/A"
"Smt Himadri Singh","SHAHDOL","Madhya Pradesh","Lok Sabha",150724861.11,57113796,37.89,43,124,25.75,93611065.11000001,166,163,3,"N/A"
"ROBERT BRUCE C","TIRUNELVELI","Tamil Nadu","Lok Sabha",147475440.11,55819028,37.85,60,51,54.05,91656412.11000001,73,73,0,"N/A"
"BRIJENDRA SINGH OLA","JHUNJHUNU","Rajasthan","Lok Sabha",147000000,55610081,37.83,92,74,55.42,91389919,449,446,3,"N/A"
"Mala Rajya Laxmi Shah ","TEHRI GARHWAL","Uttarakhand","Lok Sabha",147000000,55541216,37.78,84,155,35.15,91458784,364,352,12,"N/A"
"Sanjay Kumar Bandi","KARIMNAGAR","Telangana","Lok Sabha",172775317.11,65274491,37.78,171,468,26.76,107500826.11000001,305,303,2,"N/A"
"GURMEET SINGH MEET HAYER","SANGRUR","Punjab","Lok Sabha",147000000,55406494,37.69,142,237,37.47,91593506,630,617,13,"N/A"
"Shri NK Premachandran","KOLLAM","Kerala","Lok Sabha",171477994.11,64475987,37.6,46,150,23.47,107002007.11000001,105,104,1,"N/A"
"SUKHJINDER SINGH RANDHAWA","GURDASPUR","Punjab","Lok Sabha",147000000,55271822,37.6,90,237,27.52,91728178,392,380,12,"N/A"
"TOKHAN SAHU","BILASPUR","Chhattisgarh","Lok Sabha",147000000,55225472,37.57,41,90,31.3,91774528,156,151,5,"N/A"
"Saumitra khan ","BISHNUPUR","West Bengal","Lok Sabha",147000000,55082234,37.47,48,34,58.54,91917766,49,49,0,"N/A"
"Shri Chandra Prakash Choudhary","GIRIDIH","Jharkhand","Lok Sabha",147000000,54889366,37.34,49,624,7.28,92110634,297,266,31,"N/A"
"Smt Dimple Yadav","MAINPURI","Uttar Pradesh","Lok Sabha",192042469.11,71677973,37.32,53,111,32.32,120364496.11000001,148,125,23,"N/A"
"Devusinh Jesingbhai Chauhan","KHEDA","Gujarat","Lok Sabha",147000000,54783374,37.27,247,341,42.01,92216626,292,291,1,"N/A"
"Kani K Navas","RAMANATHAPURAM","Tamil Nadu","Lok Sabha",147000000,54425096,37.02,68,41,62.39,92574904,85,84,1,"N/A"
"Shri Anil Kumar Yadav Mandadi (2024-30)","Sitting Rajya Sabha","Telangana","Rajya Sabha",147000000,54363174,36.98,71,31,69.61,92636826,73,73,0,"N/A"
"ANITA NAGARSINGH CHOUHAN","RATLAM","Madhya Pradesh","Lok Sabha",147000000,53828448,36.62,74,129,36.45,93171552,224,222,2,"N/A"
"RAVINDRA DATTARAM WAIKAR","MUMBAI NORTH WEST","Maharashtra","Lok Sabha",147000000,53799122,36.6,0,67,0,93200878,24,20,4,"N/A"
"Thalikkottai Rajuthevar Baalu","SRIPERUMBUDUR","Tamil Nadu","Lok Sabha",196905535.11,71998395,36.56,63,63,50,124907140.11000001,90,90,0,"N/A"
"BUNTY VIVEK SAHU","CHHINDWARA","Madhya Pradesh","Lok Sabha",147000000,53681964,36.52,100,373,21.14,93318036,438,425,13,"N/A"
"Dr. Ajeet Madhavrao Gopchade (2024-30)","Sitting Rajya Sabha","Maharashtra","Rajya Sabha",147000000,53532752,36.42,44,48,47.83,93467248,52,51,1,"N/A"
"BAG MITALI","ARAMBAG","West Bengal","Lok Sabha",147000000,53162451,36.16,83,98,45.86,93837549,100,96,4,"N/A"
"Ms Mahua Moitra","KRISHNANAGAR","West Bengal","Lok Sabha",159865046,57382120,35.89,21,34,38.18,102482926,49,48,1,"N/A"
"Dr. Syed Naseer Hussain (2024-30)","Sitting Rajya Sabha","Karnataka","Rajya Sabha",147000000,52745755,35.88,3,59,4.84,94254245,44,44,0,"N/A"
"Faggan Singh Kulaste","MANDLA","Madhya Pradesh","Lok Sabha",151861648.41,54408168,35.83,31,268,10.37,97453480.41,285,281,4,"N/A"
"DR DHARAMVIRA GANDHI","PATIALA","Punjab","Lok Sabha",147000000,52578687,35.77,52,271,16.1,94421313,1184,1165,19,"N/A"
"Maddila Gurumoorthy","TIRUPATI","Andhra Pradesh","Lok Sabha",180399007,64414143,35.71,110,181,37.8,115984864,167,149,18,"N/A"
"ZIA UR REHMAN","SAMBHAL","Uttar Pradesh","Lok Sabha",147000000,52271753,35.56,0,325,0,94728247,324,265,59,"N/A"
"RUCHI VIRA","MORADABAD","Uttar Pradesh","Lok Sabha",147000000,52167110,35.49,165,108,60.44,94832890,559,559,0,"N/A"
"AASHTIKAR PATIL NAGESH BAPURAO","HINGOLI","Maharashtra","Lok Sabha",190289442,67522042,35.48,38,78,32.76,122767400,68,67,1,"N/A"
"BIPLAB KUMAR DEB","TRIPURA WEST","Tripura","Lok Sabha",147000000,51962677,35.35,7,24,22.58,95037323,26,26,0,"N/A"
"Smt Anupriya Patel","MIRZAPUR","Uttar Pradesh","Lok Sabha",147000000,51732584,35.19,0,10,0,95267416,10,6,4,"N/A"
"GM Harish Balayogi","AMALAPURAM","Andhra Pradesh","Lok Sabha",147000000,51534668,35.06,41,68,37.61,95465332,62,62,0,"N/A"
"Shri Jual Oram","SUNDARGARH","Odisha","Lok Sabha",173096756.91,60290931,34.83,89,111,44.5,112805825.91,249,249,0,"N/A"
"Vinod Chavda","KACHCHH","Gujarat","Lok Sabha",147000000,51051603,34.73,98,256,27.68,95948397,126,119,7,"N/A"
"Alok Kumar Suman","GOPALGANJ","Bihar","Lok Sabha",147000000,50920280,34.64,43,112,27.74,96079720,56,55,1,"N/A"
"MALVIKA DEVI","KALAHANDI","Odisha","Lok Sabha",147000000,50804998,34.56,96,224,30,96195002,130,129,1,"N/A"
"SELVARAJ V","NAGAPATTINAM","Tamil Nadu","Lok Sabha",147000000,50673389,34.47,43,41,51.19,96326611,61,59,2,"N/A"
"BHUMARE SANDIPANRAO ASARAM","AURANGABAD","Maharashtra","Lok Sabha",147000000,50596352,34.42,27,65,29.35,96403648,37,36,1,"N/A"
"Vellalath Kochukrishnan Nair Sreekandan","PALAKKAD","Kerala","Lok Sabha",147000000,50594597,34.42,98,107,47.8,96405403,127,124,3,1
"SUNIL BOSE","CHAMARAJANAGAR","Karnataka","Lok Sabha",147000000,50427615,34.3,19,91,17.27,96572385,96,90,6,"N/A"
"HARIBHAI PATEL","MAHESANA","Gujarat","Lok Sabha",147000000,50394435,34.28,150,427,26,96605565,262,260,2,"N/A"
"Shri Sanjay Raut (2022-28)","Sitting Rajya Sabha","Maharashtra","Rajya Sabha",196063957.11,67167846,34.26,6,69,8,128896111.11000001,29,29,0,"N/A"
"DULU MAHATO","DHANBAD","Jharkhand","Lok Sabha",147000000,50288360,34.21,57,322,15.04,96711640,269,267,2,"N/A"
"Shri S. Selvaganabathy (2021-27)","Sitting Rajya Sabha","Puducherry","Rajya Sabha",292881856.49,99762116,34.06,31,70,30.69,193119740.49,91,79,12,"N/A"
"Dr. Radha Mohan Das Agrawal (2022-28)","Sitting Rajya Sabha","Uttar Pradesh","Rajya Sabha",203626524.67000002,69089075,33.93,15,30,33.33,134537449.67000002,53,53,0,"N/A"
"KALI CHARAN SINGH","CHATRA","Jharkhand","Lok Sabha",147000000,49787316,33.87,65,439,12.9,97212684,291,255,36,"N/A"
"SAYANI GHOSH","JADAVPUR","West Bengal","Lok Sabha",147000000,49785004,33.87,113,102,52.56,97214996,129,127,2,"N/A"
"SHOBHANABEN MAHENDRASINH BARAIYA","SABARKANTHA","Gujarat","Lok Sabha",147000000,49780570,33.86,122,152,44.53,97219430,141,134,7,"N/A"
"ESWARASAMY K","POLLACHI","Tamil Nadu","Lok Sabha",162315106.11,54746950,33.73,46,34,57.5,107568156.11000001,56,56,0,"N/A"
"IQRA CHOUDHARY","KAIRANA","Uttar Pradesh","Lok Sabha",147000000,49401686,33.61,42,42,50,97598314,61,55,6,"N/A"
"THANGA TAMILSELVAN","THENI","Tamil Nadu","Lok Sabha",147000000,49328291,33.56,24,72,25,97671709,56,50,6,"N/A"
"Shri Akhilesh Prasad Singh (2024-30)","Sitting Rajya Sabha","Bihar","Rajya Sabha",186200000,62309563,33.46,38,18,67.86,123890437,50,47,3,"N/A"
"DR BYREDDY SHABARI","NANDYAL","Andhra Pradesh","Lok Sabha",150675889.11,50409419,33.46,70,129,35.18,100266470.11000001,115,114,1,"N/A"
"ANUP SANJAY DHOTRE","AKOLA","Maharashtra","Lok Sabha",147000000,49091166,33.4,41,59,41,97908834,67,65,2,"N/A"
"NARAYAN DAS AHIRWAR","JALAUN","Uttar Pradesh","Lok Sabha",147000000,49040229.8,33.36,36,331,9.81,97959770.2,289,284,5,1
"Shri Jairam Ramesh (2022-28)","Sitting Rajya Sabha","Karnataka","Rajya Sabha",220563957.11,73253485,33.21,18,109,14.17,147310472.11,78,77,1,"N/A"
"Shri vijayakumar Vasanth","KANNIYAKUMARI","Tamil Nadu","Lok Sabha",171500000,56848972,33.15,39,62,38.61,114651028,64,60,4,"N/A"
"Ajay Bhatt","NAINITAL UDHAM SINGH NAG.","Uttarakhand","Lok Sabha",147000000,48677578,33.11,85,376,18.44,98322422,825,820,5,"N/A"
"CAPTAIN BRIJESH CHOWTA","DAKSHINA KANNADA","Karnataka","Lok Sabha",147000000,48429304,32.95,75,131,36.41,98570696,103,93,10,"N/A"
"CAPTAIN VIRIATO FERNANDES","SOUTH GOA","Goa","Lok Sabha",147000000,48358008,32.9,41,86,32.28,98641992,78,78,0,"N/A"
"AJENDRA SINGH LODHI","HAMIRPUR","Uttar Pradesh","Lok Sabha",147000000,48355823,32.9,19,172,9.95,98644177,104,85,19,"N/A"
"Smt Satabdi Roy (Banerjee)","BIRBHUM","West Bengal","Lok Sabha",147000000,48307379.6,32.86,62,35,63.92,98692620.4,67,67,0,"N/A"
"Dr. Kalpana Saini (2022-28)","Sitting Rajya Sabha","Uttarakhand","Rajya Sabha",200830405.8,65308088,32.52,58,130,30.85,135522317.8,159,152,7,"N/A"
"Jitendra Singh","UDHAMPUR","Jammu And Kashmir","Lok Sabha",147000000,47798599,32.52,185,141,56.75,99201401,218,215,3,"N/A"
"CHIRAG PASWAN","HAJIPUR","Bihar","Lok Sabha",147000000,47783578,32.51,45,68,39.82,99216422,50,48,2,"N/A"
"Smt S Jothimani","KARUR","Tamil Nadu","Lok Sabha",147000000,47711966,32.46,86,90,48.86,99288034,101,100,1,"N/A"
"Smt. Sagarika Ghose (2024-30)","Sitting Rajya Sabha","West Bengal","Rajya Sabha",147000000,47289873,32.17,0,13,0,99710127,16,16,0,"N/A"
"Smt Sajda Ahmed","ULUBERIA","West Bengal","Lok Sabha",147000000,47212277,32.12,91,88,50.84,99787723,111,109,2,"N/A"
"Shri Ryaga Krishnaiah (2024-28)","Sitting Rajya Sabha","Andhra Pradesh","Rajya Sabha",170413583.79,54608584,32.04,30,39,43.48,115804999.78999999,35,35,0,"N/A"
"S Venkatesan","MADURAI","Tamil Nadu","Lok Sabha",147000000,47072440,32.02,46,81,36.22,99927560,69,67,2,"N/A"
"DR.MALLU RAVI","NAGARKURNOOL","Telangana","Lok Sabha",147000000,47000729,31.97,143,84,63,99999271,156,155,1,"N/A"
"Shri Damodar Rao Divakonda (2022-28)","Sitting Rajya Sabha","Telangana","Rajya Sabha",239919406.11,76576137,31.92,109,177,38.11,163343269.11,194,194,0,"N/A"
"Bhagirath Chaudhary","AJMER","Rajasthan","Lok Sabha",147000000,46526898,31.65,56,99,36.13,100473102,618,528,90,"N/A"
"Shri Janardan Singh Sigriwal ","MAHARAJGANJ","Bihar","Lok Sabha",147000000,46417759,31.58,18,56,24.32,100582241,44,42,2,"N/A"
"Sudip Bandyopadhyay","KOLKATA UTTAR","West Bengal","Lok Sabha",147000000,46311063,31.5,9,29,23.68,100688937,31,31,0,"N/A"
"BABU SINGH KUSHWAHA","JAUNPUR","Uttar Pradesh","Lok Sabha",147000000,46048017,31.33,522,164,76.09,100951983,650,502,148,"N/A"
"RAKIBUL HUSSAIN","DHUBRI","Assam","Lok Sabha",147000000,46031780,31.31,25,152,14.12,100968220,135,132,3,"N/A"
"Kinjarapu Ram Mohan Naidu","SRIKAKULAM","Andhra Pradesh","Lok Sabha",171200630.11,53576961,31.29,60,155,27.91,117623669.11000001,102,100,2,"N/A"
"Virendra Kumar","TIKAMGARH","Madhya Pradesh","Lok Sabha",147000000,45972847,31.27,12,347,3.34,101027153,216,209,7,"N/A"
"Shri Randeep Singh Surjewala (2022-28)","Sitting Rajya Sabha","Rajasthan","Rajya Sabha",196063957.11,60881596,31.05,55,94,36.91,135182361.11,243,235,8,"N/A"
"AMBICA G LAKSHMINARAYANA VALMIKI","ANANTAPUR","Andhra Pradesh","Lok Sabha",201899064.11,62202871,30.81,42,116,26.58,139696193.11,81,79,2,"N/A"
"GOVIND MAKTHAPPA KARJOL","CHITRADURGA","Karnataka","Lok Sabha",147000000,45195747,30.75,19,204,8.52,101804253,121,107,14,"N/A"
"KONDA VISHWESHWAR REDDY","CHELVELLA","Telangana","Lok Sabha",186441916.11,57214092,30.69,180,333,35.09,129227824.11000001,214,212,2,"N/A"
"Shri S.R. Sivalingam (2025-31)","Sitting Rajya Sabha","Tamil Nadu","Rajya Sabha",89248285.42,27371677,30.67,6,43,12.24,61876608.42,25,25,0,"N/A"
"Shri Mohammed Nadimul Haque (2024-30)","Sitting Rajya Sabha","West Bengal","Rajya Sabha",147000000,45077861,30.67,1,18,5.26,101922139,16,16,0,"N/A"
"Midhun Reddy","RAJAMPET","Andhra Pradesh","Lok Sabha",178951477.11,54816160,30.63,176,317,35.7,124135317.11000001,227,206,21,"N/A"
"Kaushalendra Kumar","NALANDA","Bihar","Lok Sabha",147000000,44517141,30.28,91,74,55.15,102482859,94,92,2,"N/A"
"H.D. KUMARASWAMY","MANDYA","Karnataka","Lok Sabha",147000000,44450000,30.24,7,140,4.76,102550000,127,117,10,"N/A"
"Smt. Mamata Thakur (2024-30)","Sitting Rajya Sabha","West Bengal","Rajya Sabha",147000000,44446422,30.24,48,12,80,102553578,55,55,0,"N/A"
"HARENDRA SINGH MALIK","MUZAFFARNAGAR","Uttar Pradesh","Lok Sabha",147000000,44404804,30.21,32,183,14.88,102595196,137,121,16,"N/A"
"K. C VENUGOPAL","ALAPPUZHA","Kerala","Lok Sabha",147000000,44331588,30.16,37,52,41.57,102668412,67,67,0,"N/A"
"Shri Abdul Wahab (2021-27)","Sitting Rajya Sabha","Kerala","Rajya Sabha",310898953.29,93712458,30.14,120,247,32.7,217186495.29000002,163,163,0,"N/A"
"ARUNA. D. K","MAHABUBNAGAR","Telangana","Lok Sabha",147000000,44232038,30.09,127,195,39.44,102767962,153,151,2,"N/A"
"B K PARTHASARATHI","HINDUPUR","Andhra Pradesh","Lok Sabha",160491894.11,47797914,29.78,52,40,56.52,112693980.11000001,64,64,0,"N/A"
"Raju Bista","DARJEELING","West Bengal","Lok Sabha",147000000,43617451,29.67,73,96,43.2,103382549,92,92,0,"N/A"
"Kangana Ranaut","MANDI","Himachal Pradesh","Lok Sabha",147000000,43395162,29.52,42,274,13.29,103604838,238,215,23,"N/A"
"Shri Amar Singh","FATEHGARH SAHIB","Punjab","Lok Sabha",147000000,43102476,29.32,60,289,17.19,103897524,520,501,19,"N/A"
"DR. S P SINGH","PRATAPGARH","Uttar Pradesh","Lok Sabha",147000000,42783929,29.1,106,533,16.59,104216071,128,107,21,"N/A"
"Dr. Dharmasthala Veerendra Heggade (2022-28)","Nominated Rajya Sabha","Karnataka","Rajya Sabha",196063957.11,56879514,29.01,301,172,63.64,139184443.11,641,632,9,"N/A"
"Putta Mahesh Kumar","ELURU","Andhra Pradesh","Lok Sabha",147000000,42407225,28.85,54,60,47.37,104592775,68,68,0,"N/A"
"RAJABHAU","NASHIK","Maharashtra","Lok Sabha",152878682.11,43851862,28.68,21,89,19.09,109026820.11000001,46,42,4,"N/A"
"GANAPATHY RAJKUMAR P","COIMBATORE","Tamil Nadu","Lok Sabha",147370490.11,42262960,28.68,7,62,10.14,105107530.11000001,43,42,1,"N/A"
"LOVELY ANAND","SHEOHAR","Bihar","Lok Sabha",147000000,42072801,28.62,23,67,25.56,104927199,37,35,2,"N/A"
"Shri Pabitra Margherita (2022-28)","Sitting Rajya Sabha","Assam","Rajya Sabha",220563957.11,62784403.44,28.47,5,205,2.38,157779553.67000002,110,110,0,"N/A"
"JITIN PRASADA","PILIBHIT","Uttar Pradesh","Lok Sabha",147000000,41842816,28.46,22,37,37.29,105157184,106,104,2,"N/A"
"Dr Shashi Tharoor","THIRUVANANTHAPURAM","Kerala","Lok Sabha",147000000,41754577,28.4,40,74,35.09,105245423,61,61,0,"N/A"
"Dr. Medha Vishram Kulkarni (2024-30)","Sitting Rajya Sabha","Maharashtra","Rajya Sabha",147000000,41737818,28.39,31,76,28.97,105262182,49,49,0,"N/A"
"Jagannath Sarkar","RANAGHAT","West Bengal","Lok Sabha",147000000,41712525,28.38,70,152,31.53,105287475,86,75,11,"N/A"
"Priyanka Gandhi Vadra","WAYANAD","Kerala","Lok Sabha",122500000,34714501,28.34,10,81,10.99,87785499,39,39,0,"N/A"
"Mahendra Singh Solanky","DEWAS","Madhya Pradesh","Lok Sabha",147000000,41462417,28.21,10,131,7.09,105537583,107,105,2,"N/A"
"S. Jagathrakshakan","ARAKKONAM","Tamil Nadu","Lok Sabha",180589332.34,50567596,28,34,121,21.94,130021736.34,53,52,1,"N/A"
"SUKANTA KUMAR PANIGRAHI","KANDHAMAL","Odisha","Lok Sabha",190712424.11,53290464,27.94,148,183,44.71,137421960.11,340,314,26,"N/A"
"Smt. P. T. Usha (2022-28)","Nominated Rajya Sabha","Kerala","Rajya Sabha",196063957.11,54782548,27.94,38,84,31.15,141281409.11,76,76,0,"N/A"
"Shri Rajib Bhattacharjee (2024-28)","Sitting Rajya Sabha","Tripura","Rajya Sabha",122500000,34210580,27.93,18,40,31.03,88289420,39,36,3,"N/A"
"Sanjay Haribhau Jadhav","PARBHANI","Maharashtra","Lok Sabha",147000000,40999822,27.89,28,56,33.33,106000178,49,49,0,"N/A"
"Shri Banshilal Gurjar (2024-30)","Sitting Rajya Sabha","Madhya Pradesh","Rajya Sabha",147000000,40924435,27.84,10,71,12.35,106075565,93,93,0,"N/A"
"Shri LS Tejasvi Surya ","BANGALORE SOUTH","Karnataka","Lok Sabha",147000000,40913804,27.83,25,112,18.25,106086196,51,49,2,"N/A"
"Shri Balyogi Umeshnath (2024-30)","Sitting Rajya Sabha","Madhya Pradesh","Rajya Sabha",147000000,40907000,27.83,11,67,14.1,106093000,82,80,2,"N/A"
"M. MALLESH BABU","KOLAR","Karnataka","Lok Sabha",147065957.11,40766132,27.72,3,73,3.95,106299825.11000001,122,121,1,"N/A"
"PHANI BHUSAN CHOUDHURY","BARPETA","Assam","Lok Sabha",147000000,40507232,27.56,3,84,3.45,106492768,100,93,7,"N/A"
"BASTIPATI NAGARAJU PANCHALINGALA","KURNOOL","Andhra Pradesh","Lok Sabha",159998515.11,44033277,27.52,143,65,68.75,115965238.11000001,145,145,0,"N/A"
"JASHUBHAI BHILUBHAI RATHVA","CHHOTA UDAIPUR","Gujarat","Lok Sabha",147000000,40426028,27.5,99,248,28.53,106573972,125,119,6,"N/A"
"PARSHOTTAMBHAI RUPALA","RAJKOT","Gujarat","Lok Sabha",147000000,40230082,27.37,76,229,24.92,106769918,96,87,9,"N/A"
"Smt Hema Malini","MATHURA","Uttar Pradesh","Lok Sabha",147000000,40207547,27.35,33,55,37.5,106792453,81,81,0,"N/A"
"GOPINATH K","KRISHNAGIRI","Tamil Nadu","Lok Sabha",147000000,40047142,27.24,36,77,31.86,106952858,55,55,0,"N/A"
"KALYAN VAIJINATHRAO KALE","JALNA","Maharashtra","Lok Sabha",147000000,39751304,27.04,19,42,31.15,107248696,42,40,2,"N/A"
"ATUL GARG","GHAZIABAD","Uttar Pradesh","Lok Sabha",155336470,41763485,26.89,36,41,46.75,113572985,48,40,8,"N/A"
"GAURAV GOGOI","JORHAT","Assam","Lok Sabha",147000000,39485523,26.86,33,428,7.16,107514477,445,442,3,"N/A"
"ABHIJIT GANGOPADHYAY","TAMLUK","West Bengal","Lok Sabha",147000000,39484176.78,26.86,74,191,27.92,107515823.22,122,122,0,"N/A"
"Ravindra Vasantrao Chavan","NANDED","Maharashtra","Lok Sabha",147000000,39344293,26.76,26,115,18.44,107655707,48,44,4,"N/A"
"Shri Birendra Prasad Baishya (2025-31)","Sitting Rajya Sabha","Assam","Rajya Sabha",98000000,26202530,26.74,1,44,2.22,71797470,24,23,1,"N/A"
"SHIVRAJ SINGH CHOUHAN","VIDISHA","Madhya Pradesh","Lok Sabha",147000000,38851625,26.43,10,97,9.35,108148375,128,128,0,"N/A"
"Dr. L. Murugan (2024-30)","Sitting Rajya Sabha","Madhya Pradesh","Rajya Sabha",147000000,38699774,26.33,6,30,16.67,108300226,40,39,1,"N/A"
"KOTA SRINIVAS POOJARY","UDUPI CHIKMAGALUR","Karnataka","Lok Sabha",147000000,38622793,26.27,51,269,15.94,108377207,106,93,13,"N/A"
"MAHIMA KUMARI MEWAR","RAJSAMAND","Rajasthan","Lok Sabha",183892143,48184584,26.2,26,109,19.26,135707559,271,253,18,"N/A"
"BAPI HALDAR","MATHURAPUR","West Bengal","Lok Sabha",147000000,38508401,26.2,85,78,52.15,108491599,100,100,0,"N/A"
"SAMBIT PATRA","PURI","Odisha","Lok Sabha",147000000,38354750,26.09,542,175,75.59,108645250,847,847,0,"N/A"
"ADHIKARI SOUMENDU","KANTHI","West Bengal","Lok Sabha",147000000,38304241,26.06,29,41,41.43,108695759,31,31,0,"N/A"
"Nitin Jairam Gadkari","NAGPUR","Maharashtra","Lok Sabha",168195086.11,43727554,26,19,48,28.36,124467532.11000001,32,29,3,"N/A"
"Dr. M. Dhanapal (2025-31)","Sitting Rajya Sabha","Tamil Nadu","Rajya Sabha",89248285.42,23199724,25.99,27,24,52.94,66048561.42,33,33,0,"N/A"
"Ganesh Singh","SATNA","Madhya Pradesh","Lok Sabha",147000000,37994332,25.85,77,241,24.21,109005668,179,178,1,"N/A"
"Shri A. A. Rahim (2022-28)","Sitting Rajya Sabha","Kerala","Rajya Sabha",220563957.11,56633403,25.68,17,58,22.67,163930554.11,36,36,0,"N/A"
"Y S Avinash Reddy","KADAPA","Andhra Pradesh","Lok Sabha",156430260.11,40037027,25.59,57,243,19,116393233.11000001,86,83,3,"N/A"
"DEVESH CHANDRA THAKUR","SITAMARHI","Bihar","Lok Sabha",163809205.11,41894417,25.58,119,90,56.94,121914788.11000001,129,129,0,"N/A"
"MUHAMMED HAMDULLAH SAYEED","LAKSHADWEEP","Lakshadweep","Lok Sabha",153942460.41,39337535,25.55,2,26,7.14,114604925.41,20,20,0,"N/A"
"DR.K.SUDHAKAR","CHIKBALLAPUR","Karnataka","Lok Sabha",147000000,37428975,25.46,18,142,11.25,109571025,134,134,0,"N/A"
"Annpurna Devi ","KODARMA","Jharkhand","Lok Sabha",166665931.8,42079828,25.25,85,303,21.91,124586103.80000001,146,136,10,"N/A"
"JUNE MALIAH","MEDINIPUR","West Bengal","Lok Sabha",147000000,36949288,25.14,7,24,22.58,110050712,27,25,2,"N/A"
"DHAVAL LAXMANBHAI PATEL","VALSAD","Gujarat","Lok Sabha",147000000,36923530,25.12,58,176,24.79,110076470,69,65,4,"N/A"
"Saptagiri Sankar Ulaka","KORAPUT","Odisha","Lok Sabha",269500000,67550166,25.06,159,416,27.65,201949834,234,230,4,"N/A"
"DR RAJKUMAR SANGWAN","BAGHPAT","Uttar Pradesh","Lok Sabha",147000000,36662976,24.94,16,103,13.45,110337024,78,66,12,"N/A"
"Dr. Parmar Jashvantsinh Salamsinh (2024-30)","Sitting Rajya Sabha","Gujarat","Rajya Sabha",147000000,36641140,24.93,61,312,16.35,110358860,93,93,0,"N/A"
"Smt. Jebi Mather Hisham (2022-28)","Sitting Rajya Sabha","Kerala","Rajya Sabha",220563957.11,54417993,24.67,47,72,39.5,166145964.11,75,75,0,"N/A"
"Shri Sandosh Kumar P (2022-28)","Sitting Rajya Sabha","Kerala","Rajya Sabha",220563957.11,54053744,24.51,29,75,27.88,166510213.11,67,67,0,"N/A"
"Shri Suresh Kodikunnil","MAVELIKKARA","Kerala","Lok Sabha",172429519.11,41963456,24.34,58,133,30.37,130466063.11000001,85,85,0,"N/A"
"Shrirang Appa Barne","MAVAL","Maharashtra","Lok Sabha",147000000,35720911,24.3,32,75,29.91,111279089,53,53,0,"N/A"
"GODAM NAGESH","ADILABAD","Telangana","Lok Sabha",147000000,35717086,24.3,80,277,22.41,111282914,142,142,0,"N/A"
"Kamlesh Paswan","BANSGAON","Uttar Pradesh","Lok Sabha",147000000,35635253,24.24,0,124,0,111364747,76,70,6,"N/A"
"Jagdambika Pal","DOMARIYAGANJ","Uttar Pradesh","Lok Sabha",160643957.11,38873088,24.2,0,75,0,121770869.11000001,50,45,5,"N/A"
"Abu Taher Khan","MURSHIDABAD","West Bengal","Lok Sabha",147000000,35568230,24.2,172,156,52.44,111431770,180,176,4,"N/A"
"Shri Ajay Makan (2024-30)","Sitting Rajya Sabha","Karnataka","Rajya Sabha",147000000,35435523,24.11,2,11,15.38,111564477,10,10,0,"N/A"
"Shri Bhartruhari Mahtab","CUTTACK","Odisha","Lok Sabha",147000000,35111567,23.89,86,397,17.81,111888433,268,263,5,"N/A"
"Shri Kanad Purkayastha (2025-31)","Sitting Rajya Sabha","Assam","Rajya Sabha",98000000,23363207,23.84,0,50,0,74636793,31,30,1,"N/A"
"DR. MANSUKH MANDAVIYA","PORBANDAR","Gujarat","Lok Sabha",147000000,34762587,23.65,71,238,22.98,112237413,86,85,1,"N/A"
"R.K. CHAUDHARY","MOHANLALGANJ","Uttar Pradesh","Lok Sabha",147000000,34622708,23.55,14,79,15.05,112377292,83,81,2,"N/A"
"Dr. John Brittas (2021-27)","Sitting Rajya Sabha","Kerala","Rajya Sabha",245063957.11,57506835,23.47,36,108,25,187557122.11,57,56,1,"N/A"
"NABA CHARAN MAJHI","MAYURBHANJ","Odisha","Lok Sabha",147563957.11,34422207,23.33,27,194,12.22,113141750.11000001,76,76,0,"N/A"
"MANNA LAL RAWAT","UDAIPUR","Rajasthan","Lok Sabha",147000000,34250767,23.3,24,176,12,112749233,175,169,6,"N/A"
"RACHNA BANERJEE","HOOGHLY","West Bengal","Lok Sabha",147000000,34234471,23.29,33,68,32.67,112765529,54,54,0,"N/A"
"Shri Ghanshyam Tiwari (2022-28)","Sitting Rajya Sabha","Rajasthan","Rajya Sabha",196063957.11,45570943,23.24,28,60,31.82,150493014.11,190,181,9,"N/A"
"AMRINDER SINGH RAJA WARRING","LUDHIANA","Punjab","Lok Sabha",147000000,33972408,23.11,59,187,23.98,113027592,325,318,7,"N/A"
"Smt. Rajathi (2025-31)","Sitting Rajya Sabha","Tamil Nadu","Rajya Sabha",89248285.42,20612106,23.1,16,39,29.09,68636179.42,22,20,2,"N/A"
"AMRARAM","SIKAR","Rajasthan","Lok Sabha",165691544.11,38165228,23.03,49,122,28.65,127526316.11000001,313,294,19,"N/A"
"CHHATRAPATI SHAHU SHAHAJI","KOLHAPUR","Maharashtra","Lok Sabha",147000000,33696592,22.92,22,79,21.78,113303408,34,34,0,"N/A"
"Dr. Sudhanshu Trivedi (2024-30)","Sitting Rajya Sabha","Uttar Pradesh","Rajya Sabha",147000000,33646948,22.89,14,30,31.82,113353052,28,28,0,"N/A"
"Shri Madan Rathore (2024-30)","Sitting Rajya Sabha","Rajasthan","Rajya Sabha",147000000,33360541,22.69,21,111,15.91,113639459,230,219,11,"N/A"
"BHASKAR MURLIDHAR BHAGARE","DINDORI","Maharashtra","Lok Sabha",147000000,33083627,22.51,19,100,15.97,113916373,36,35,1,"N/A"
"KRITI DEVI DEBBARMAN","TRIPURA EAST","Tripura","Lok Sabha",147000000,32934783,22.4,13,29,30.95,114065217,24,24,0,"N/A"
"AMAR SHARADRAO KALE","WARDHA","Maharashtra","Lok Sabha",147000000,32855968,22.35,29,79,26.85,114144032,40,38,2,"N/A"
"VISHWESHWAR HEGDE KAGERI","UTTARA KANNADA","Karnataka","Lok Sabha",147000000,32825000,22.33,30,113,20.98,114175000,82,79,3,"N/A"
"BAJRANG MANOHAR SONWANE","BEED","Maharashtra","Lok Sabha",165899107.19,36980751,22.29,20,80,20,128918356.19,38,37,1,"N/A"
"Shri Arjun Ram Meghwal","BIKANER","Rajasthan","Lok Sabha",147000000,32644598,22.21,17,62,21.52,114355402,44,41,3,"N/A"
"Shri Sadanand Mhalu Shet Tanavade (2023-29)","Sitting Rajya Sabha","Goa","Rajya Sabha",171500000,37836353.99,22.06,8,33,19.51,133663646.00999999,26,26,0,"N/A"
"Giriraj Singh","BEGUSARAI","Bihar","Lok Sabha",147000000,32384389,22.03,17,50,25.37,114615611,37,37,0,"N/A"
"Shri Dhananjay Bhimrao Mahadik (2022-28)","Sitting Rajya Sabha","Maharashtra","Rajya Sabha",220383643.11,48415797,21.97,32,125,20.38,171967846.11,41,41,0,"N/A"
"V. SOMANNA","TUMKUR","Karnataka","Lok Sabha",147000000,32293790,21.97,4,57,6.56,114706210,26,17,9,"N/A"
"Shri Yerram Venkata Subba Reddy (2024-30)","Sitting Rajya Sabha","Andhra Pradesh","Rajya Sabha",147000000,32233322,21.93,38,104,26.76,114766678,69,64,5,"N/A"
"SUDHA R","MAYILADUTHURAI","Tamil Nadu","Lok Sabha",147332315.11,32293145,21.92,22,127,14.77,115039170.11000001,46,34,12,"N/A"
"SATPAL BRAHAMCHARI","SONEPAT","Haryana","Lok Sabha",147000000,32156228,21.87,19,212,8.23,114843772,173,166,7,"N/A"
"BHOJRAJ NAG","KANKER","Chhattisgarh","Lok Sabha",164672734.11,35985836,21.85,29,44,39.73,128686898.11000001,104,101,3,"N/A"
"Hasmukh Bhai Soma Bhai Patel","AHMEDABAD EAST","Gujarat","Lok Sabha",147000000,32021270,21.78,20,176,10.2,114978730,36,36,0,"N/A"
"JAGADISH CHANDRA BARMA BASUNIA","COOCHBEHAR","West Bengal","Lok Sabha",168604641.11,36689865,21.76,1,96,1.03,131914776.11000001,41,41,0,"N/A"
"ADV GOWAAL KAGADA PADAVI","NANDURBAR","Maharashtra","Lok Sabha",147816309.11,32041066,21.68,189,90,67.74,115775243.11000001,189,189,0,"N/A"
"Dr Chandra Sekhar Pemmasani","GUNTUR","Andhra Pradesh","Lok Sabha",159774113.11,34347164,21.5,9,87,9.38,125426949.11000001,41,41,0,"N/A"
"AKHILESH YADAV","KANNAUJ","Uttar Pradesh","Lok Sabha",147000000,31559060,21.47,39,200,16.32,115440940,91,82,9,"N/A"
"PARTHA BHOWMICK","BARRACKPUR","West Bengal","Lok Sabha",147000000,31114929,21.17,4,28,12.5,115885071,11,11,0,"N/A"
"D M Kathir Anand","VELLORE","Tamil Nadu","Lok Sabha",160196941.11,33728871,21.05,15,67,18.29,126468070.11000001,38,38,0,"N/A"
"Piyush Vedprakash Goyal","MUMBAI NORTH","Maharashtra","Lok Sabha",147000000,30848998,20.99,0,49,0,116151002,17,13,4,"N/A"
"PRADEEP PUROHIT","BARGARH","Odisha","Lok Sabha",147000000,30622680,20.83,41,241,14.54,116377320,111,105,6,"N/A"
"MADHAVANENI RAGHUNANDAN RAO","MEDAK","Telangana","Lok Sabha",147000000,30484168,20.74,41,141,22.53,116515832,49,49,0,"N/A"
"Shri Masthan Rao Yadav Beedha (2024-28)","Sitting Rajya Sabha","Andhra Pradesh","Rajya Sabha",171296045.11,35512349,20.73,33,87,27.5,135783696.11,46,46,0,"N/A"
"Shri Jugal Kishore Sharma","JAMMU","Jammu And Kashmir","Lok Sabha",147000000,30369749,20.66,42,169,19.91,116630251,96,95,1,"N/A"
"Smt Aparajita Sarangi","BHUBANESWAR","Odisha","Lok Sabha",147420861.41,29747444,20.18,47,230,16.97,117673417.41,208,189,19,"N/A"
"Shri Jayant Chaudhary (2022-28)","Sitting Rajya Sabha","Uttar Pradesh","Rajya Sabha",214074707.67000002,43141697,20.15,8,16,33.33,170933010.67000002,25,22,3,"N/A"
"Shri Ilaiyaraaja (2022-28)","Nominated Rajya Sabha","Tamil Nadu","Rajya Sabha",220563957.11,44381022,20.12,17,10,62.96,176182935.11,28,28,0,"N/A"
"DARSHAN SINGH CHOUDHARY","HOSHANGABAD","Madhya Pradesh","Lok Sabha",147000000,29467552,20.05,49,348,12.34,117532448,306,295,11,"N/A"
"ANANTA NAYAK","KEONJHAR","Odisha","Lok Sabha",147000000,29211360,19.87,17,323,5,117788640,448,433,15,"N/A"
"ADV K FRANCIS GEORGE","KOTTAYAM","Kerala","Lok Sabha",188722256.11,37467974,19.85,52,298,14.86,151254282.11,82,78,4,"N/A"
"Dr. Laxmikant Bajpayee (2022-28)","Sitting Rajya Sabha","Uttar Pradesh","Rajya Sabha",196000000,38761207,19.78,4,62,6.06,157238793,36,33,3,"N/A"
"E.T. MOHAMMED BASHEER","MALAPPURAM","Kerala","Lok Sabha",163895872.11,32316872,19.72,39,150,20.63,131579000.11000001,70,68,2,"N/A"
"Shri Subhash Barala (2024-30)","Sitting Rajya Sabha","Haryana","Rajya Sabha",147000000,28951049,19.69,4,73,5.19,118048951,61,59,2,"N/A"
"Arvind Ganpat Sawant","MUMBAI SOUTH","Maharashtra","Lok Sabha",147000000,28859509,19.63,14,46,23.33,118140491,18,18,0,"N/A"
"Vijay Kumar Hansdak","RAJMAHAL","Jharkhand","Lok Sabha",147223957.11,28886697,19.62,0,468,0,118337260.11000001,302,302,0,"N/A"
"NARESH CHANDRA UTTAM PATEL","FATEHPUR","Uttar Pradesh","Lok Sabha",147000000,28783210,19.58,7,74,8.64,118216790,49,43,6,"N/A"
"Ramvir Singh Bidhuri","SOUTH DELHI","Delhi","Lok Sabha",147559100,28849836,19.55,41,82,33.33,118709264,48,48,0,"N/A"
"Shri Benny Behanan","CHALAKUDY","Kerala","Lok Sabha",147000000,28691022,19.52,8,162,4.71,118308978,33,30,3,"N/A"
"T Sumathy (A) Thamizhachi Thangapandian ","CHENNAI SOUTH","Tamil Nadu","Lok Sabha",147000000,28530278,19.41,5,25,16.67,118469722,25,25,0,"N/A"
"Smt. Phulo Devi Netam (2026-32)","Sitting Rajya Sabha","Chhattisgarh","Rajya Sabha",49000000,9399219,19.18,0,81,0,39600781,15,12,3,"N/A"
"SURESH KUMAR SHETKAR","ZAHIRABAD","Telangana","Lok Sabha",147000000,28174768,19.17,64,291,18.03,118825232,120,120,0,"N/A"
"K RADHAKRISHNAN","ALATHUR","Kerala","Lok Sabha",147000000,28066021,19.09,14,172,7.53,118933979,30,30,0,"N/A"
"Shri Samik Bhattacharya (2024-30)","Sitting Rajya Sabha","West Bengal","Rajya Sabha",147000000,27783784,18.9,10,41,19.61,119216216,27,23,4,"N/A"
"Adv Adoor Prakash ","ATTINGAL","Kerala","Lok Sabha",147000000,27639749,18.8,108,337,24.27,119360251,111,111,0,"N/A"
"Dr. Ashok Kumar Mittal (2022-28)","Sitting Rajya Sabha","Punjab","Rajya Sabha",222487632.14,41747005,18.76,15,32,31.91,180740627.14,234,220,14,"N/A"
"DR KALGE SHIVAJI BANDAPPA","LATUR","Maharashtra","Lok Sabha",147000000,27552579,18.74,26,89,22.61,119447421,32,32,0,"N/A"
"Prabhubhai Nagarbhai Vasava","BARDOLI","Gujarat","Lok Sabha",147000000,27468376,18.69,62,253,19.68,119531624,84,83,1,"N/A"
"ABDUL RASHID SHEIKH","BARAMULLAH","Jammu And Kashmir","Lok Sabha",147000000,27445021,18.67,44,114,27.85,119554979,68,67,1,"N/A"
"KADIYAM KAVYA","WARANGEL","Telangana","Lok Sabha",147000000,27189421,18.5,53,161,24.77,119810579,73,73,0,"N/A"
"Shri Rajmohan Unnithan ","KASARAGOD","Kerala","Lok Sabha",156754633.11,28932795,18.46,56,151,27.05,127821838.11000001,120,110,10,"N/A"
"AZAD KIRTI JHA","BARDHAMAN-DURGAPUR","West Bengal","Lok Sabha",179658399.98,33156887,18.46,6,106,5.36,146501512.98,30,29,1,"N/A"
"Shri S. Jaishankar (2023-29)","Sitting Rajya Sabha","Gujarat","Rajya Sabha",171500000,31616893,18.44,46,117,28.22,139883107,60,60,0,"N/A"
"Shri Kumbakudi Sudhakaran","KANNUR","Kerala","Lok Sabha",147000000,26785182,18.22,61,232,20.82,120214818,98,77,21,"N/A"
"RAJPALSINH MAHENDRASINH JADAV","PANCHMAHAL","Gujarat","Lok Sabha",147000000,26759601,18.2,89,372,19.31,120240399,125,107,18,"N/A"
"RAHUL GANDHI","RAE BARELI","Uttar Pradesh","Lok Sabha",147000000,26686627,18.15,74,118,38.54,120313373,150,122,28,"N/A"
"Anto Antony","PATHANAMTHITTA","Kerala","Lok Sabha",147000000,26554909,18.06,60,296,16.85,120445091,76,76,0,"N/A"
"Praveen Khandelwal","CHANDINI CHOWK","Delhi","Lok Sabha",147470276,26487847,17.96,35,34,50.72,120982429,42,42,0,"N/A"
"MUKESHKUMAR CHANDRAKAANT DALAL","SURAT","Gujarat","Lok Sabha",147000000,26395724,17.96,92,128,41.82,120604276,112,112,0,"N/A"
"Shri Amar Pal Maurya (2024-30)","Sitting Rajya Sabha","Uttar Pradesh","Rajya Sabha",147000000,26365566,17.94,18,120,13.04,120634434,33,30,3,"N/A"
"C.M.RAMESH","ANAKAPALLE","Andhra Pradesh","Lok Sabha",202531656.11,36002667,17.78,20,75,21.05,166528989.11,42,38,4,"N/A"
"CHARANJIT SINGH CHANNI","JALANDHAR","Punjab","Lok Sabha",147000000,26022604,17.7,58,151,27.75,120977396,205,205,0,"N/A"
"Shri Govindbhai Laljibhai Dholakia (2024-30)","Sitting Rajya Sabha","Gujarat","Rajya Sabha",147000000,25955567,17.66,44,78,36.07,121044433,58,58,0,"N/A"
"Smt Poonamben Hematbhai Maadam","JAMNAGAR","Gujarat","Lok Sabha",147000000,25917848,17.63,45,133,25.28,121082152,60,55,5,"N/A"
"GENIBEN NAGAJI THAKOR","BANASKANTHA","Gujarat","Lok Sabha",147000000,25832765,17.57,41,121,25.31,121167235,66,65,1,"N/A"
"NIMUBEN JAYANTIBHAI BAMBHANIYA","BHAVNAGAR","Gujarat","Lok Sabha",147000000,25662379,17.46,28,34,45.16,121337621,34,34,0,"N/A"
"MANISH TEWARI","CHANDIGARH","Chandigarh","Lok Sabha",178351443.75,31109435,17.44,31,81,27.68,147242008.75,129,121,8,"N/A"
"Thiru Dayanidhi Maran","CHENNAI CENTRAL","Tamil Nadu","Lok Sabha",147000000,25568733,17.39,4,8,33.33,121431267,7,7,0,"N/A"
"Om Birla","KOTA","Rajasthan","Lok Sabha",163906956.6,28500390,17.39,15,46,24.59,135406566.6,91,90,1,"N/A"
"Dilip Saikia","Darrang-Udalguri","Assam","Lok Sabha",147000000,25452092,17.31,5,225,2.17,121547908,146,146,0,"N/A"
"Shri Praful Patel (2024-30)","Sitting Rajya Sabha","Maharashtra","Rajya Sabha",147000000,25340576,17.24,22,95,18.8,121659424,37,37,0,"N/A"
"Smt Sandhya Ray","BHIND","Madhya Pradesh","Lok Sabha",147000000,25218035,17.16,61,68,47.29,121781965,158,158,0,"N/A"
"Jaswantsinh Sumanbhai Bhabhor","DAHOD","Gujarat","Lok Sabha",147000000,25214551,17.15,56,330,14.51,121785449,86,84,2,"N/A"
"Shri I.S. Inbadurai (2025-31)","Sitting Rajya Sabha","Tamil Nadu","Rajya Sabha",89248285.42,15065385,16.88,12,49,19.67,74182900.42,31,31,0,"N/A"
"MIAN ALTAF AHMAD","ANANTNAG","Jammu And Kashmir","Lok Sabha",147000000,24523857,16.68,14,113,11.02,122476143,35,35,0,"N/A"
"SELJA","SIRSA","Haryana","Lok Sabha",147000000,24402101,16.6,59,251,19.03,122597899,139,135,4,"N/A"
"Harsh Malhotra","EAST DELHI","Delhi","Lok Sabha",147134131,24390277,16.58,51,61,45.54,122743854,57,55,2,"N/A"
"Shri Manan Kumar Mishra (2024-28)","Sitting Rajya Sabha","Bihar","Rajya Sabha",235263957.11,38457500,16.35,31,57,35.23,196806457.11,39,37,2,"N/A"
"NILESH DNYANDEV LANKE","AHMEDNAGAR","Maharashtra","Lok Sabha",147000000,23809461,16.2,12,73,14.12,123190539,17,17,0,"N/A"
"LAXMIKANT PAPPU NISHAD","SANT KABIR NAGAR","Uttar Pradesh","Lok Sabha",147000000,23806477,16.19,2,503,0.4,123193523,33,8,25,"N/A"
"G. KUMAR NAIK","RAICHUR","Karnataka","Lok Sabha",147000000,23521564,16,9,119,7.03,123478436,46,44,2,"N/A"
"Shri Jose K. Mani (2024-30)","Sitting Rajya Sabha","Kerala","Rajya Sabha",122500000,19384930,15.82,25,145,14.71,103115070,44,43,1,"N/A"
"Shri Mahendra Bhatt (2024-30)","Sitting Rajya Sabha","Uttarakhand","Rajya Sabha",147000000,23254909,15.82,11,108,9.24,123745091,159,156,3,"N/A"
"Krishan Pal Gurjar","FARIDABAD","Haryana","Lok Sabha",147000000,23168966,15.76,6,76,7.32,123831034,45,45,0,"N/A"
"Smt Supriya Sadanand Sule","BARAMATI","Maharashtra","Lok Sabha",147000000,23046333,15.68,10,116,7.94,123953667,32,31,1,"N/A"
"ASHISH DUBEY","JABALPUR","Madhya Pradesh","Lok Sabha",147000000,23031555,15.67,15,328,4.37,123968445,137,134,3,"N/A"
"DINESHBHAI MAKWANA","AHMEDABAD WEST","Gujarat","Lok Sabha",160434965.11,25122452,15.66,2,205,0.97,135312513.11,4,4,0,"N/A"
"Dr. Sasmit Patra (2022-28)","Sitting Rajya Sabha","Odisha","Rajya Sabha",196063957.11,30700333,15.66,42,238,15,165363624.11,122,120,2,"N/A"
"Nityanand Rai","UJJARPUR","Bihar","Lok Sabha",147000000,22994739,15.64,40,54,42.55,124005261,50,48,2,"N/A"
"Vaithilingam Ve","Puducherry","Puducherry","Lok Sabha",209368972.11,32328068,15.44,12,62,16.22,177040904.11,26,22,4,"N/A"
"DR. KIRSAN NAMDEO","GADCHIROLI-CHIMUR","Maharashtra","Lok Sabha",147000000,22599453,15.37,18,148,10.84,124400547,26,26,0,"N/A"
"Shri Hibi Eden","ERNAKULAM","Kerala","Lok Sabha",162177260.11,24928980,15.37,18,94,16.07,137248280.11,34,34,0,"N/A"
"Appalanaidu Kalisetti","VIZIANAGARAM","Andhra Pradesh","Lok Sabha",147000000,22325622,15.19,36,67,34.95,124674378,56,54,2,"N/A"
"Rao Inderjit Singh","GURGAON","Haryana","Lok Sabha",147000000,22316827,15.18,13,34,27.66,124683173,27,20,7,"N/A"
"Shri P. P. Suneer (2024-30)","Sitting Rajya Sabha","Kerala","Rajya Sabha",122500000,18439441,15.05,19,69,21.59,104060559,31,31,0,"N/A"
"SHAMBHAVI","SAMASTIPUR","Bihar","Lok Sabha",147000000,22118264,15.05,16,111,12.6,124881736,29,21,8,"N/A"
"NARAYAN TATU RANE","RATNAGIRI-SINDHUDURG","Maharashtra","Lok Sabha",147000000,21994974,14.96,24,70,25.53,125005026,38,35,3,"N/A"
"Smt. Jaya Amitabh Bachchan (2024-30)","Sitting Rajya Sabha","Uttar Pradesh","Rajya Sabha",147000000,21904185,14.9,10,13,43.48,125095815,21,21,0,"N/A"
"Shri Rajeev Shukla (2022-28)","Sitting Rajya Sabha","Chhattisgarh","Rajya Sabha",271174394.23,40349928,14.88,4,26,13.33,230824466.23000002,34,33,1,"N/A"
"Shri Sarbananda Sonowal (18LS)","DIBRUGARH","Assam","Lok Sabha",147000000,21671810,14.74,3,84,3.45,125328190,58,54,4,"N/A"
"Khalilur Rahaman ","JANGIPUR","West Bengal","Lok Sabha",147000000,21631147,14.72,31,76,28.97,125368853,34,33,1,"N/A"
"AVIMANYU SETHI","BHADRAK","Odisha","Lok Sabha",147000000,21607575,14.7,27,251,9.71,125392425,65,65,0,"N/A"
"Shri Raghav Chadha (2022-28)","Sitting Rajya Sabha","Punjab","Rajya Sabha",237229207.25,34558312,14.57,4,2,66.67,202670895.25,34,34,0,"N/A"
"Shri Kesridevsinh Jhala (2023-29)","Sitting Rajya Sabha","Gujarat","Rajya Sabha",171500000,24925530,14.53,21,123,14.58,146574470,48,45,3,"N/A"
"Smt. Rekha Sharma (2024-28)","Sitting Rajya Sabha","Haryana","Rajya Sabha",98000000,14183077,14.47,1,144,0.69,83816923,187,182,5,"N/A"
"DR. SHARMILA SARKAR","BARDHAMAN PURBA","West Bengal","Lok Sabha",147000000,21224009,14.44,17,94,15.32,125775991,33,25,8,"N/A"
"Omprakash Bhupalsinh Alias Pawan Rajenimbalkar","OSMANABAD","Maharashtra","Lok Sabha",184758519.11,26644490,14.42,29,164,15.03,158114029.11,42,38,4,"N/A"
"MANJU SHARMA","JAIPUR","Rajasthan","Lok Sabha",167082901.11,23994861,14.36,15,54,21.74,143088040.11,31,28,3,"N/A"
"Shri Haris Beeran (2024-30)","Sitting Rajya Sabha","Kerala","Rajya Sabha",122500000,17480985,14.27,8,208,3.7,105019015,23,22,1,"N/A"
"AGA SYED RUHULLAH MEHDI","SRINAGAR","Jammu And Kashmir","Lok Sabha",147000000,20822671,14.17,62,136,31.31,126177329,80,65,15,"N/A"
"Bansuri Swaraj","NEW DELHI","Delhi","Lok Sabha",154306950,21775293,14.11,41,69,37.27,132531657,46,44,2,"N/A"
"VISHAL","SANGLI","Maharashtra","Lok Sabha",147000000,20615077,14.02,11,73,13.1,126384923,21,20,1,"N/A"
"Amol Ramsing Kolhe","SHIRUR","Maharashtra","Lok Sabha",147000000,20561770,13.99,15,96,13.51,126438230,25,25,0,"N/A"
"RAMASAHAYAM RAGHURAM REDDY","KHAMMAM","Telangana","Lok Sabha",147000000,20425766,13.9,18,194,8.49,126574234,44,40,4,"N/A"
"KARTICK CHANDRA PAUL","RAIGANJ","West Bengal","Lok Sabha",202677986.56,28148611,13.89,99,302,24.69,174529375.56,102,102,0,"N/A"
"SHIVMANGAL SINGH TOMAR","MORENA","Madhya Pradesh","Lok Sabha",147000000,20290158,13.8,28,38,42.42,126709842,90,90,0,"N/A"
"Pralhad Venkatesh Joshi","DHARWAD","Karnataka","Lok Sabha",147000000,20265814,13.79,28,174,13.86,126734186,65,55,10,"N/A"
"Shri Sudheer Gupta ","MANDSOUR","Madhya Pradesh","Lok Sabha",148988014.83,20345844,13.66,60,163,26.91,128642170.83000001,168,164,4,"N/A"
"Dr Sukanta Majumdar ","BALURGHAT","West Bengal","Lok Sabha",157085364.9,21003612,13.37,33,153,17.74,136081752.9,41,41,0,"N/A"
"BHAUSAHEB RAJARAM WAKCHAURE","SHIRDI","Maharashtra","Lok Sabha",147000000,19420448,13.21,11,126,8.03,127579552,32,32,0,"N/A"
"Sanjay Uttamrao Deshmukh","YAVATMAL-WASHIM","Maharashtra","Lok Sabha",185640423,24518118,13.21,23,101,18.55,161122305,42,41,1,"N/A"
"Shri S Niranjan Reddy (2022-28)","Sitting Rajya Sabha","Andhra Pradesh","Rajya Sabha",224621383.11,29499116,13.13,3,16,15.79,195122267.11,28,26,2,"N/A"
"MURARI LAL MEENA","DAUSA","Rajasthan","Lok Sabha",147000000,19094674,12.99,16,96,14.29,127905326,71,68,3,"N/A"
"MURLIDHAR MOHOL","PUNE","Maharashtra","Lok Sabha",147000000,18945481,12.89,12,87,12.12,128054519,19,19,0,"N/A"
"Shri Golla Baburao (2024-30)","Sitting Rajya Sabha","Andhra Pradesh","Rajya Sabha",147000000,18853785,12.83,2,42,4.55,128146215,19,19,0,"N/A"
"Shri Mayankkumar Nayak (2024-30)","Sitting Rajya Sabha","Gujarat","Rajya Sabha",147000000,18810868,12.8,20,151,11.7,128189132,65,61,4,"N/A"
"Manoj Tiwari","NORTH EAST DELHI","Delhi","Lok Sabha",225843858,28650238,12.69,6,17,26.09,197193620,9,9,0,"N/A"
"Shri Narain Dass Gupta (2024-30)","Sitting Rajya Sabha","Delhi","Rajya Sabha",160837070,20020022,12.45,11,41,21.15,140817048,15,15,0,"N/A"
"PRIYANKA SATISH JARKIHOLI","CHIKKODI","Karnataka","Lok Sabha",147000000,17833577,12.13,16,143,10.06,129166423,34,32,2,"N/A"
"Anurag Singh Thakur","HAMIRPUR","Himachal Pradesh","Lok Sabha",149570117.11,18114323,12.11,43,162,20.98,131455794.11000001,229,216,13,"N/A"
"Shri Ashok Singh (2024-30)","Sitting Rajya Sabha","Madhya Pradesh","Rajya Sabha",147000000,17548715,11.94,11,99,10,129451285,55,55,0,"N/A"
"BAIJAYANT PANDA","KENDRAPARA","Odisha","Lok Sabha",147000000,17127535,11.65,8,48,14.29,129872465,28,27,1,"N/A"
"MANOHAR LAL","KARNAL","Haryana","Lok Sabha",147000000,16619897,11.31,0,19,0,130380103,13,13,0,"N/A"
"Shri P. Wilson (2025-31)","Sitting Rajya Sabha","Tamil Nadu","Rajya Sabha",89248285.42,9998159,11.2,1,34,2.86,79250126.42,4,4,0,"N/A"
"VAMSI KRISHNA GADDAM","PEDDAPALLE","Telangana","Lok Sabha",148451721.11,16373473,11.03,9,62,12.68,132078248.11000001,22,22,0,"N/A"
"BIBHU PRASAD TARAI","JAGATSINGHPUR","Odisha","Lok Sabha",147000000,16033683,10.91,15,324,4.42,130966317,74,73,1,"N/A"
"SURESH GOPI","THRISSUR","Kerala","Lok Sabha",147000000,16001891,10.89,15,75,16.67,130998109,21,21,0,"N/A"
"SHAFI PARAMBIL","VADAKARA","Kerala","Lok Sabha",147000000,15909800,10.82,15,228,6.17,131090200,56,54,2,"N/A"
"VARUN CHAUDHRY","AMBALA","Haryana","Lok Sabha",255454264,27537055,10.78,3,154,1.91,227917209,104,99,5,"N/A"
"Ram Shiromani","SHRAWASTI","Uttar Pradesh","Lok Sabha",151746878.11,16300060,10.74,0,1356,0,135446818.11,58,3,55,"N/A"
"SHRIMANT CHH UDAYANRAJE PRATAPSINHAMAHARAJ BHONSLE","SATARA","Maharashtra","Lok Sabha",147000000,15721959,10.7,16,118,11.94,131278041,20,20,0,"N/A"
"EATALA RAJENDER","MALKAJGIRI","Telangana","Lok Sabha",327477390.86,34708670,10.6,29,268,9.76,292768720.86,59,52,7,"N/A"
"BISHNU PADA RAY","ANDAMAN AND NICOBAR ISLANDS","Andaman And Nicobar Islands","Lok Sabha",147000000,15498347,10.54,0,27,0,131501653,9,9,0,"N/A"
"Shripad Yesso Naik","NORTH GOA","Goa","Lok Sabha",147000000,15476370,10.53,1,110,0.9,131523630,25,25,0,"N/A"
"SAGAR ESHWAR KHANDRE","BIDAR","Karnataka","Lok Sabha",147000000,15422826,10.49,5,173,2.81,131577174,50,46,4,"N/A"
"DHANORKAR PRATIBHA SURESH ALIAS BALUBHAU","CHANDRAPUR","Maharashtra","Lok Sabha",147000000,14990871,10.2,7,69,9.21,132009129,14,14,0,"N/A"
"Krishna Prasad Tenneti","BAPATLA","Andhra Pradesh","Lok Sabha",167796849.11,16927605,10.09,6,118,4.84,150869244.11,23,21,2,"N/A"
"BALABHADRA MAJHI","NABARANGPUR","Odisha","Lok Sabha",147413962.11,14620740,9.92,20,200,9.09,132793222.11000001,113,100,13,"N/A"
"Daggubati Purandeshwari","RAJAHMUNDRY","Andhra Pradesh","Lok Sabha",147000000,14394558,9.79,3,26,10.34,132605442,13,11,2,"N/A"
"Balashowry Vallabbhaneni","MACHILIPATNAM","Andhra Pradesh","Lok Sabha",147000000,14363941,9.77,9,52,14.75,132636059,26,24,2,"N/A"
"Rao Rajendra Singh","JAIPUR RURAL","Rajasthan","Lok Sabha",147000000,14160844,9.63,10,94,9.62,132839156,35,34,1,"N/A"
"Prof Sougata Ray","DUM DUM","West Bengal","Lok Sabha",147000000,14046615,9.56,12,40,23.08,132953385,17,17,0,"N/A"
"SMITA UDAY WAGH","JALGAON","Maharashtra","Lok Sabha",148107373.11,14030677,9.47,9,1,90,134076696.11000001,9,9,0,"N/A"
"E. TUKARAM","BELLARY","Karnataka","Lok Sabha",147000000,13410937,9.12,2,89,2.2,133589063,24,24,0,"N/A"
"Shri Sanjay Singh (2024-30)","Sitting Rajya Sabha","Delhi","Rajya Sabha",184466426.11,16687160,9.05,16,85,15.84,167779266.11,22,22,0,"N/A"
"Shri PP Chaudhary","PALI","Rajasthan","Lok Sabha",147000000,13212090,8.99,8,34,19.05,133787910,145,142,3,"N/A"
"Dr. V. Sivadasan (2021-27)","Sitting Rajya Sabha","Kerala","Rajya Sabha",276720323.27,24863346,8.99,14,49,22.22,251856977.26999998,45,45,0,"N/A"
"BACHHAV SHOBHA DINESH","DHULE","Maharashtra","Lok Sabha",147000000,13135243,8.94,13,79,14.13,133864757,14,12,2,"N/A"
"DR. PRASHANT YADAORAO PADOLE","BHANDARA-GONDIYA","Maharashtra","Lok Sabha",159680283.39,14261839,8.93,8,144,5.26,145418444.39,20,18,2,"N/A"
"Kamaljeet Sehrawat","WEST DELHI","Delhi","Lok Sabha",147000000,13075365,8.89,31,32,49.21,133924635,34,33,1,"N/A"
"ANITA SUBHADARSHINI","ASKA","Odisha","Lok Sabha",147000000,12818448,8.72,17,123,12.14,134181552,32,32,0,"N/A"
"Ravindra Shyamnarayan Alias Ravi Kishan Shukla","GORAKHPUR","Uttar Pradesh","Lok Sabha",147000000,12572509,8.55,0,9,0,134427491,10,10,0,"N/A"
"Ramesh Chandappa Jigajinagi","BIJAPUR","Karnataka","Lok Sabha",269500000,22898132,8.5,0,362,0,246601868,115,94,21,"N/A"
"BHARAT SINGH KUSHWAH","GWALIOR","Madhya Pradesh","Lok Sabha",151455276.04,12867595,8.5,4,108,3.57,138587681.04,39,38,1,"N/A"
"TANGELLA UDAY SRINIVAS","KAKINADA","Andhra Pradesh","Lok Sabha",199417886.76,16907864,8.48,6,16,27.27,182510022.76,10,10,0,"N/A"
"DR. M.P ABDUSSAMAD SAMADANI","PONNANI","Kerala","Lok Sabha",170434031.11,14277868,8.38,48,276,14.81,156156163.11,52,52,0,"N/A"
"Dr Jayanta Kumar Roy","JALPAIGURI","West Bengal","Lok Sabha",147000000,12082736,8.22,2,16,11.11,134917264,5,5,0,"N/A"
"Shri Jyotirmay Singh Mahato ","PURULIA","West Bengal","Lok Sabha",147000000,11711831,7.97,15,92,14.02,135288169,31,31,0,"N/A"
"KAMAKHYA PRASAD TASA","Kaziranga","Assam","Lok Sabha",147000000,11710303,7.97,0,88,0,135289697,32,31,1,"N/A"
"Shri Amit Shah","GANDHINAGAR","Gujarat","Lok Sabha",147000000,11529274,7.84,22,96,18.64,135470726,27,27,0,"N/A"
"MANOJ TIGGA","ALIPURDUARS","West Bengal","Lok Sabha",147000000,11379773,7.74,0,90,0,135620227,17,17,0,"N/A"
"Asaduddin Owaisi","HYDERABAD","Telangana","Lok Sabha",147000000,11172317,7.6,1,17,5.56,135827683,7,7,0,"N/A"
"Yogendra Chandoliya","NORTH WEST DELHI","Delhi","Lok Sabha",147876307,10961614,7.41,11,48,18.64,136914693,14,14,0,"N/A"
"Vishnu Dutt Sharma","KHAJURAHO","Madhya Pradesh","Lok Sabha",147000000,10849947,7.38,3,132,2.22,136150053,20,13,7,"N/A"
"KULDEEP INDORA","GANGANAGAR","Rajasthan","Lok Sabha",147000000,10617918,7.22,2,90,2.17,136382082,37,30,7,"N/A"
"Shri Manas Ranjan Mangaraj (2022-28)","Sitting Rajya Sabha","Odisha","Rajya Sabha",196063957.11,13305000,6.79,23,104,18.11,182758957.11,31,31,0,"N/A"
"Magunta Sreenivasulu Reddy","ONGOLE","Andhra Pradesh","Lok Sabha",147000000,9854157,6.7,1,18,5.26,137145843,9,8,1,"N/A"
"JAGADISH SHETTAR","BELGAUM","Karnataka","Lok Sabha",147000000,9847651,6.7,1,171,0.58,137152349,29,21,8,"N/A"
"Sribharat MathuKumli","VISAKHAPATNAM","Andhra Pradesh","Lok Sabha",164841922,10903207,6.61,0,40,0,153938715,15,15,0,"N/A"
"P C Mohan","BANGALORE CENTRAL","Karnataka","Lok Sabha",159995711.11,10439505,6.52,2,17,10.53,149556206.11,21,21,0,"N/A"
"TRIVENDRA SINGH RAWAT","HARDWAR","Uttarakhand","Lok Sabha",147000000,9309458,6.33,3,41,6.82,137690542,16,16,0,"N/A"
"RABINDRA NARAYAN BEHERA","JAJPUR","Odisha","Lok Sabha",147064617.11,9146086,6.22,3,190,1.55,137918531.11,41,41,0,"N/A"
"Shri Satnam Singh Sandhu (2024-30)","Nominated Rajya Sabha","Chandigarh","Rajya Sabha",147000000,9104144,6.19,4,20,16.67,137895856,59,58,1,"N/A"
"Shri M K Raghavan","KOZHIKODE","Kerala","Lok Sabha",147000000,9037475,6.15,14,254,5.22,137962525,25,24,1,"N/A"
"DHARMENDRA PRADHAN","SAMBALPUR","Odisha","Lok Sabha",147000000,9004141,6.13,2,116,1.69,137995859,26,21,5,"N/A"
"Shri Ashokrao Shankarrao Chavan (2024-30)","Sitting Rajya Sabha","Maharashtra","Rajya Sabha",147000000,8968982,6.1,2,31,6.06,138031018,8,8,0,"N/A"
"ISHA KHAN CHOUDHURY","MALDAHA DAKSHIN","West Bengal","Lok Sabha",147000000,8567025,5.83,25,99,20.16,138432975,25,25,0,"N/A"
"PRANITI SUSHILKUMAR SHINDE","SOLAPUR","Maharashtra","Lok Sabha",147000000,8440395,5.74,2,122,1.61,138559605,9,9,0,"N/A"
"DR. HEMANT VISHNU SAVARA","PALGHAR","Maharashtra","Lok Sabha",147000000,8415952,5.73,1,84,1.18,138584048,11,9,2,"N/A"
"Shri Ashwini Vaishnaw (2024-30)","Sitting Rajya Sabha","Odisha","Rajya Sabha",265563957.11,14565426,5.48,4,13,23.53,250998531.11,21,21,0,"N/A"
"ANIL YESHWANT DESAI","MUMBAI SOUTH CENTRAL","Maharashtra","Lok Sabha",147000000,7792570,5.3,0,34,0,139207430,4,3,1,"N/A"
"Dhairyasheel Sambhajirao Mane","HATKANANGLE","Maharashtra","Lok Sabha",147000000,7519206,5.12,4,13,23.53,139480794,5,5,0,"N/A"
"BHAJAN LAL JATAV","KARAULI-DHOLPUR","Rajasthan","Lok Sabha",147000000,7253086,4.93,11,41,21.15,139746914,139,139,0,"N/A"
"Shri Devendra Pratap Singh (2024-30)","Sitting Rajya Sabha","Chhattisgarh","Rajya Sabha",170837637.76,8275468,4.84,3,14,17.65,162562169.76,14,14,0,"N/A"
"Shri Lahar Singh Siroya (2022-28)","Sitting Rajya Sabha","Karnataka","Rajya Sabha",206278088.11,9847659,4.77,2,14,12.5,196430429.11,7,7,0,"N/A"
"KUNDURU RAGHUVEER","NALGONDA","Telangana","Lok Sabha",162952022,7766945,4.77,6,23,20.69,155185077,9,9,0,"N/A"
"MOHITE PATIL DHAIRYASHEEL RAJSINH","MADHA","Maharashtra","Lok Sabha",195613601.7,8828612,4.51,41,218,15.83,186784989.7,41,41,0,"N/A"
"Sivanath Kesineni","VIJAYAWADA","Andhra Pradesh","Lok Sabha",147000000,6329561,4.31,1,28,3.45,140670439,3,3,0,"N/A"
"Khagen Murmu","MALDAHA UTTAR","West Bengal","Lok Sabha",147000000,6003169,4.08,7,31,18.42,140996831,7,7,0,"N/A"
"Shri Shantanu Thakur ","BANGAON","West Bengal","Lok Sabha",147000000,5993836,4.08,8,50,13.79,141006164,8,8,0,"N/A"
"SANJAY DINA PATIL","MUMBAI NORTH EAST","Maharashtra","Lok Sabha",147000000,5955517,4.05,0,40,0,141044483,3,2,1,"N/A"
"Dushyant Singh","JHALAWAR-BARAN","Rajasthan","Lok Sabha",147000000,5863203,3.99,0,27,0,141136797,25,25,0,"N/A"
"Smt Raksha Nikhil Khadse","RAVER","Maharashtra","Lok Sabha",153112586.11,5871973,3.84,3,6,33.33,147240613.11,3,3,0,"N/A"
"Shri Subhasish Khuntia (2024-30)","Sitting Rajya Sabha","Odisha","Rajya Sabha",147000000,5516064,3.75,3,219,1.35,141483936,31,31,0,"N/A"
"Mohamed Haneefa","LADAKH","Ladakh","Lok Sabha",161114542,6009392,3.73,0,55,0,155105150,8,8,0,"N/A"
"PARIMAL SUKLABAIDYA","SILCHAR","Assam","Lok Sabha",148300157.11,5386762,3.63,0,153,0,142913395.11,10,10,0,"N/A"
"Shyamkumar","RAMTEK","Maharashtra","Lok Sabha",147000000,5141086,3.5,1,34,2.86,141858914,6,5,1,"N/A"
"Kishan Reddy Gangapuram","SECUNDERABAD","Telangana","Lok Sabha",147000000,4754322,3.23,0,38,0,142245678,5,5,0,"N/A"
"Chandra Prakash Joshi","CHITTORGARH","Rajasthan","Lok Sabha",147000000,4660559,3.17,10,186,5.1,142339441,41,41,0,"N/A"
"PATHAN YUSUF","BAHARAMPUR","West Bengal","Lok Sabha",147000000,4313400,2.93,1,144,0.69,142686600,4,4,0,"N/A"
"Smt Sangeeta Kumari Singh Deo","BOLANGIR","Odisha","Lok Sabha",147000000,4193424,2.85,3,225,1.32,142806576,14,13,1,"N/A"
"Shri Sanjay Kumar Jha (2024-30)","Sitting Rajya Sabha","Bihar","Rajya Sabha",186200000,5078584,2.73,4,2,66.67,181121416,6,6,0,"N/A"
"Ajay Tamta","ALMORA","Uttarakhand","Lok Sabha",147000000,3884739,2.64,3,139,2.11,143115261,63,59,4,"N/A"
"Smt. Laxmi Verma (2026-32)","Sitting Rajya Sabha","Chhattisgarh","Rajya Sabha",49000000,1250000,2.55,0,2,0,47750000,2,2,0,"N/A"
"Shri Nitin Laxmanrao Jadhav Patil (2024-28)","Sitting Rajya Sabha","Maharashtra","Rajya Sabha",122500000,2996110,2.45,3,57,5,119503890,3,3,0,"N/A"
"Shri B. Parthasaradhi Reddy (2022-28)","Sitting Rajya Sabha","Telangana","Rajya Sabha",244365104,5945528,2.43,6,19,24,238419576,7,7,0,"N/A"
"RADHAKRISHNA","GULBARGA","Karnataka","Lok Sabha",147000000,3254664,2.21,0,29,0,143745336,2,2,0,"N/A"
"RUDRA NARAYAN PANY","DHENKANAL","Odisha","Lok Sabha",155013957.11,3039057,1.96,0,79,0,151974900.11,22,21,1,"N/A"
"ANIL BALUNI","GARHWAL","Uttarakhand","Lok Sabha",147000000,2739441,1.86,1,11,8.33,144260559,8,8,0,"N/A"
"Pratap Chandra Sarangi","BALASORE","Odisha","Lok Sabha",147064254.11,2525000,1.72,10,117,7.87,144539254.11,10,10,0,"N/A"
"Shri Paka Venkata Satyanarayana (2025-28)","Sitting Rajya Sabha","Andhra Pradesh","Rajya Sabha",98000000,1599035,1.63,1,12,7.69,96400965,1,1,0,"N/A"
"Smt. Renuka Chowdhury (2024-30)","Sitting Rajya Sabha","Telangana","Rajya Sabha",147000000,2147133,1.46,0,105,0,144852867,5,5,0,"N/A"
"Lavu Sri Krishna Devarayalu","NARASARAOPET","Andhra Pradesh","Lok Sabha",174009663.11,2402685,1.38,1,130,0.76,171606978.11,4,4,0,"N/A"
"SELVAGANAPATHI T M","SALEM","Tamil Nadu","Lok Sabha",147000000,1967994,1.34,0,17,0,145032006,1,1,0,"N/A"
"VIVEK THAKUR","NAWADA","Bihar","Lok Sabha",147000000,1877598,1.28,1,85,1.16,145122402,4,4,0,"N/A"
"Nishikant Dubey","GODDA","Jharkhand","Lok Sabha",147000000,1785510,1.21,0,2,0,145214490,1,1,0,"N/A"
"Shri Jagat Prakash Nadda (2024-30)","Sitting Rajya Sabha","Gujarat","Rajya Sabha",147000000,1600000,1.09,0,74,0,145400000,4,4,0,"N/A"
"Prataprao Jadhav","BULDHANA","Maharashtra","Lok Sabha",147000000,1208028,0.82,0,68,0,145791972,2,2,0,"N/A"
"Shri Milind Murli Deora (2024-30)","Sitting Rajya Sabha","Maharashtra","Rajya Sabha",147000000,999996,0.68,0,25,0,146000004,2,1,1,"N/A"
"Shri Kartikeya Sharma (2022-28)","Sitting Rajya Sabha","Haryana","Rajya Sabha",196000000,1161226,0.59,0,62,0,194838774,2,2,0,"N/A"
"Gajendra Singh Shekhawat","JODHPUR","Rajasthan","Lok Sabha",147000000,491827,0.33,0,33,0,146508173,1,1,0,"N/A"
"Shrikant Eknath Shinde","KALYAN","Maharashtra","Lok Sabha",147000000,325000,0.22,0,2,0,146675000,1,1,0,"N/A"
"DR. PRADEEP KUMAR PANIGRAHY","BERHAMPUR","Odisha","Lok Sabha",147000000,0,0,0,111,0,147000000,0,0,0,"N/A"
"Bhupathiraju Srinivasa varma","NARASAPURAM","Andhra Pradesh","Lok Sabha",147000000,0,0,0,1,0,147000000,0,0,0,"N/A"
"CHAVAN VASANTRAO BALWANTRAO","NANDED","Maharashtra","Lok Sabha",0,0,0,0,0,0,0,0,0,0,"N/A"
"MANISH JAISWAL","HAZARIBAGH","Jharkhand","Lok Sabha",147000000,0,0,0,164,0,147000000,0,0,0,"N/A"
"NARESH GANPAT MHASKE","THANE","Maharashtra","Lok Sabha",147000000,0,0,0,0,0,147000000,0,0,0,"N/A"
"HARISH CHANDRA MEENA","TONK-SAWAI MADHOPUR","Rajasthan","Lok Sabha",147000000,0,0,0,0,0,147000000,0,0,0,"N/A"
"Kalaben Mohanbhai Delkar","DADRA & NAGAR HAVELI","The Dadra And Nagar Haveli And Daman And Diu","Lok Sabha",147000000,0,0,0,2,0,147000000,0,0,0,"N/A"
"MISHA BHARTI","PATALIPUTRA","Bihar","Lok Sabha",147000000,0,0,0,0,0,147000000,0,0,0,"N/A"
"PATEL UMESHBHAI BABUBHAI","DAMAN and DIU","The Dadra And Nagar Haveli And Daman And Diu","Lok Sabha",245063957,0,0,0,61,0,245063957,0,0,0,"N/A"
"Sanjay Jaiswal","PASCHIM CHAMPARAN","Bihar","Lok Sabha",147000000,0,0,0,0,0,147000000,0,0,0,"N/A"
"Rajiv Ranjan (Lalan) Singh","MUNGER","Bihar","Lok Sabha",147000000,0,0,0,1,0,147000000,0,0,0,"N/A"
"Rajiv Pratap Rudy","SARAN","Bihar","Lok Sabha",147000000,0,0,0,12,0,147000000,0,0,0,"N/A"
"Dr. Abhishek Manu Singhvi (2026-32)","Sitting Rajya Sabha","Telangana","Rajya Sabha",49000000,0,0,0,0,0,49000000,0,0,0,"N/A"
"Shri Bhashyam Rama Krishna (2026-32)","Sitting Rajya Sabha","Andhra Pradesh","Rajya Sabha",49000000,0,0,0,0,0,49000000,0,0,0,"N/A"
"Dr. Jyoti Nagnath Waghmare (2026-32)","Sitting Rajya Sabha","Maharashtra","Rajya Sabha",49000000,0,0,0,0,0,49000000,0,0,0,"N/A"
"Dr. Mukeshbhai J. Rathwa (2026-32)","Sitting Rajya Sabha","Gujarat","Rajya Sabha",49000000,0,0,0,0,0,49000000,0,0,0,"N/A"
"Dr. Satish Poonia (2026-32)","Sitting Rajya Sabha","Rajasthan","Rajya Sabha",49000000,0,0,0,0,0,49000000,0,0,0,"N/A"
"Dr. Alka Singh (2026-32)","Sitting Rajya Sabha","Rajasthan","Rajya Sabha",49000000,0,0,0,0,0,49000000,0,0,0,"N/A"
"Dr. Santrupt Misra (2026-32)","Sitting Rajya Sabha","Odisha","Rajya Sabha",49000000,0,0,0,11,0,49000000,0,0,0,"N/A"
"Shri Anurag Sharma (2026-32)","Sitting Rajya Sabha","Himachal Pradesh","Rajya Sabha",49000000,0,0,0,0,0,49000000,0,0,0,"N/A"
"Dr. M. Thambi Durai (2026-32)","Sitting Rajya Sabha","Tamil Nadu","Rajya Sabha",49356476.5,0,0,0,0,0,49356476.5,0,0,0,"N/A"
"Dr. Meenakshi Jain (2025-31)","Nominated Rajya Sabha","Delhi","Rajya Sabha",73500000,0,0,0,10,0,73500000,0,0,0,"N/A"
"Ms. Swati Maliwal (2024-30)","Sitting Rajya Sabha","Delhi","Rajya Sabha",147000000,0,0,0,3,0,147000000,0,0,0,"N/A"
"Shri Jogen Mohan (2026-32)","Sitting Rajya Sabha","Assam","Rajya Sabha",49000000,0,0,0,16,0,49000000,0,0,0,"N/A"
"Shri Karamvir Singh Singh Boudh (2026-32)","Sitting Rajya Sabha","Haryana","Rajya Sabha",49000000,0,0,0,0,0,49000000,0,0,0,"N/A"
"Shri L. K. Sudhish (2026-32)","Sitting Rajya Sabha","Tamil Nadu","Rajya Sabha",49356476.5,0,0,0,0,0,49356476.5,0,0,0,"N/A"
"Shri Praveen Chakravarthy (2026-28)","Sitting Rajya Sabha","Tamil Nadu","Rajya Sabha",49000000,0,0,0,1,0,49000000,0,0,0,"N/A"
"Shri Ramrao Sakharam Wadkute (2026-32)","Sitting Rajya Sabha","Maharashtra","Rajya Sabha",49000000,0,0,0,0,0,49000000,0,0,0,"N/A"
"Shri Sanjay Yadav (2024-30)","Sitting Rajya Sabha","Bihar","Rajya Sabha",186200000,0,0,0,54,0,186200000,0,0,0,"N/A"
"Shri Tai Tagak (2026-32)","Sitting Rajya Sabha","Arunachal Pradesh","Rajya Sabha",49000000,0,0,0,0,0,49000000,0,0,0,"N/A"
"Shri Ujjwal Deorao Nikam (2025-31)","Nominated Rajya Sabha","Maharashtra","Rajya Sabha",73500000,0,0,0,0,0,73500000,0,0,0,"N/A"
"Shri C. Sadanandan Master (2025-31)","Nominated Rajya Sabha","Kerala","Rajya Sabha",73500000,0,0,0,35,0,73500000,0,0,0,"N/A"
"Shri Chowdry Mohammad Ramzan (2025-31)","Sitting Rajya Sabha","Jammu And Kashmir","Rajya Sabha",73500000,0,0,0,0,0,73500000,0,0,0,"N/A"
"Shri Christopher Manickam (2026-32)","Sitting Rajya Sabha","Tamil Nadu","Rajya Sabha",49356476.5,0,0,0,0,0,49356476.5,0,0,0,"N/A"
"Shri Constandine Ravindran (2026-32)","Sitting Rajya Sabha","Tamil Nadu","Rajya Sabha",49356476.5,0,0,0,0,0,49356476.5,0,0,0,"N/A"
"Shri Gurwinder Singh Oberoi (2025-31)","Sitting Rajya Sabha","Jammu And Kashmir","Rajya Sabha",73500000,0,0,0,0,0,73500000,0,0,0,"N/A"
"Shri Kamal Haasan (2025-31)","Sitting Rajya Sabha","Tamil Nadu","Rajya Sabha",89248285.42,0,0,0,4,0,89248285.42,0,0,0,"N/A"
"Shri Lingamaneni Ramesh (2026-32)","Sitting Rajya Sabha","Andhra Pradesh","Rajya Sabha",49000000,0,0,0,0,0,49000000,0,0,0,"N/A"
"Shri Mallikarjun Kharge (2026-32)","Sitting Rajya Sabha","Karnataka","Rajya Sabha",49063957.11,0,0,0,0,0,49063957.11,0,0,0,"N/A"
"Shri Ram Nath Thakur (2026-32)","Sitting Rajya Sabha","Bihar","Rajya Sabha",65673638.730000004,0,0,0,33,0,65673638.730000004,0,0,0,"N/A"
"Shri Sana Sathish Babu (2026-32)","Sitting Rajya Sabha","Andhra Pradesh","Rajya Sabha",49000000,0,0,0,0,0,49000000,0,0,0,"N/A"
"Shri Terash Gowalla (2026-32)","Sitting Rajya Sabha","Assam","Rajya Sabha",49000000,0,0,0,0,0,49000000,0,0,0,"N/A"
"Smt. Maya Chintaman Ivnate (2026-32)","Sitting Rajya Sabha","Maharashtra","Rajya Sabha",49000000,0,0,0,20,0,49000000,0,0,0,"N/A"
"Shri Khiangte Laltluangkima (2026-32)","Sitting Rajya Sabha","Mizoram","Rajya Sabha",24500000,0,0,0,0,0,24500000,0,0,0,"N/A"
"Shri M. Nagaraja (2026-32)","Sitting Rajya Sabha","Karnataka","Rajya Sabha",49000000,0,0,0,0,0,49000000,0,0,0,"N/A"
"Shri Neeraj Dangi (2026-32)","Sitting Rajya Sabha","Rajasthan","Rajya Sabha",49000000,0,0,0,4,0,49000000,0,0,0,"N/A"
"Shri Prakash Chik Baraik (2026-29)","Sitting Rajya Sabha","West Bengal","Rajya Sabha",49662892,0,0,0,0,0,49662892,0,0,0,"N/A"
"Shri Rajeev Kumar (2026-32)","Sitting Rajya Sabha","West Bengal","Rajya Sabha",49000000,0,0,0,0,0,49000000,0,0,0,"N/A"
"Shri Rajinder Gupta (2025-28)","Sitting Rajya Sabha","Punjab","Rajya Sabha",49000000,0,0,0,0,0,49000000,0,0,0,"N/A"
"Shri Upendra Kushwaha (2026-32)","Sitting Rajya Sabha","Bihar","Rajya Sabha",49000000,0,0,0,6,0,49000000,0,0,0,"N/A"
"Shri Vijay Chintakayala (2026-32)","Sitting Rajya Sabha","Andhra Pradesh","Rajya Sabha",49000000,0,0,0,0,0,49000000,0,0,0,"N/A"
"Shri Dilip Kumar Ray (2026-32)","Sitting Rajya Sabha","Odisha","Rajya Sabha",49000000,0,0,0,22,0,49000000,0,0,0,"N/A"
"Shri Harsh Vardhan Shringla (2025-31)","Nominated Rajya Sabha","West Bengal","Rajya Sabha",73500000,0,0,0,6,0,73500000,0,0,0,"N/A"
"Shri James Pangsang Kongkal Sangma (2026-32)","Sitting Rajya Sabha","Meghalaya","Rajya Sabha",49000000,0,0,0,0,0,49000000,0,0,0,"N/A"
"Shri Mansoor Ali Khan (2026-32)","Sitting Rajya Sabha","Karnataka","Rajya Sabha",49000000,0,0,0,3,0,49000000,0,0,0,"N/A"
"Shri Nitin Nabin (2026-32)","Sitting Rajya Sabha","Bihar","Rajya Sabha",49000000,0,0,0,0,0,49000000,0,0,0,"N/A"
"Shri Pramod Boro (2026-32)","Sitting Rajya Sabha","Assam","Rajya Sabha",49000000,0,0,0,0,0,49000000,0,0,0,"N/A"
"Shri Rajneesh Kumar Agrawal (2026-32)","Sitting Rajya Sabha","Madhya Pradesh","Rajya Sabha",49000000,0,0,0,0,0,49000000,0,0,0,"N/A"
"Shri Sajjad Ahmad Kichloo (2025-31)","Sitting Rajya Sabha","Jammu And Kashmir","Rajya Sabha",73500000,0,0,0,17,0,73500000,0,0,0,"N/A"
"Shri Sanjay Bhatia (2026-32)","Sitting Rajya Sabha","Haryana","Rajya Sabha",49000000,0,0,0,1,0,49000000,0,0,0,"N/A"
"Shri Sat Paul Sharma (2025-31)","Sitting Rajya Sabha","Jammu And Kashmir","Rajya Sabha",73500000,0,0,0,4,0,73500000,0,0,0,"N/A"
"Shri Shivesh Kumar (2026-32)","Sitting Rajya Sabha","Bihar","Rajya Sabha",49000000,0,0,0,0,0,49000000,0,0,0,"N/A"
"Shri Sujeet Kumar (2026-32)","Sitting Rajya Sabha","Odisha","Rajya Sabha",49000000,0,0,0,35,0,49000000,0,0,0,"N/A"
"Shri Tiruchi Siva (2026-32)","Sitting Rajya Sabha","Tamil Nadu","Rajya Sabha",49356476.5,0,0,0,0,0,49356476.5,0,0,0,"N/A"
"Shri Vinod Shridhar Tawde (2026-32)","Sitting Rajya Sabha","Maharashtra","Rajya Sabha",49000000,0,0,0,0,0,49000000,0,0,0,"N/A"
"Smt. Adhikarimayum Sharda Devi (2026-32)","Sitting Rajya Sabha","Manipur","Rajya Sabha",49000000,0,0,0,1,0,49000000,0,0,0,"N/A"